1432,11-Jun-2021,9,17,21,33,39,7,11
1431,08-Jun-2021,2,11,26,36,47,7,9
1430,04-Jun-2021,7,20,36,40,46,2,4
1429,01-Jun-2021,3,10,26,35,44,6,7
1428,28-May-2021,11,13,16,34,40,1,12
1427,25-May-2021,1,21,26,30,38,2,8
1426,21-May-2021,2,9,13,15,35,3,10
1425,18-May-2021,5,13,38,39,40,4,12
1424,14-May-2021,6,16,18,29,38,6,11
1423,11-May-2021,14,25,34,43,46,5,6
1422,07-May-2021,14,22,33,38,47,8,9
1421,04-May-2021,3,10,13,28,46,4,11
1420,30-Apr-2021,1,16,24,28,46,2,11
1419,27-Apr-2021,13,14,24,35,49,1,10
1418,23-Apr-2021,3,14,15,19,29,2,8
1417,20-Apr-2021,5,17,28,41,46,10,11
1416,16-Apr-2021,6,11,29,40,48,5,9
1415,13-Apr-2021,16,20,31,47,50,2,8
1414,09-Apr-2021,2,8,32,35,44,8,11
1413,06-Apr-2021,2,21,37,38,50,7,8
1412,02-Apr-2021,4,21,34,40,47,2,5
1411,30-Mar-2021,24,27,28,29,42,4,8
1410,26-Mar-2021,10,12,37,49,50,3,8
1409,23-Mar-2021,2,26,29,36,49,3,9
1408,19-Mar-2021,3,9,35,43,44,1,10
1407,16-Mar-2021,23,25,32,35,47,2,6
1406,12-Mar-2021,4,6,9,11,44,10,11
1405,09-Mar-2021,1,16,21,32,33,11,12
1404,05-Mar-2021,4,5,39,46,48,7,10
1403,02-Mar-2021,2,19,24,26,49,6,7
1402,26-Feb-2021,6,12,22,29,33,6,11
1401,23-Feb-2021,9,18,30,39,45,1,3
1400,19-Feb-2021,4,12,25,46,48,7,12
1399,16-Feb-2021,5,9,25,29,30,6,7
1398,12-Feb-2021,7,23,30,32,36,8,12
1397,09-Feb-2021,5,10,24,31,37,9,10
1396,05-Feb-2021,12,19,37,44,45,2,6
1395,02-Feb-2021,18,20,35,38,48,9,12
1394,29-Jan-2021,1,5,27,36,42,1,6
1393,26-Jan-2021,5,7,25,37,40,2,8
1392,22-Jan-2021,8,16,42,44,47,6,7
1391,19-Jan-2021,25,27,31,35,43,5,6
1390,15-Jan-2021,4,10,27,38,40,3,11
1389,12-Jan-2021,2,10,18,34,35,6,9
1388,08-Jan-2021,18,23,37,41,42,4,6
1387,05-Jan-2021,12,34,37,38,42,1,3
1386,01-Jan-2021,16,28,32,44,48,1,9
1385,29-Dec-2020,7,32,39,40,45,3,8
1384,25-Dec-2020,16,21,27,30,32,3,5
1383,22-Dec-2020,2,10,16,42,50,4,11
1382,18-Dec-2020,2,3,13,17,21,7,8
1381,15-Dec-2020,9,13,21,29,35,1,2
1380,11-Dec-2020,6,9,13,24,41,3,12
1379,08-Dec-2020,1,4,21,24,46,2,12
1378,04-Dec-2020,14,20,27,34,38,1,11
1377,01-Dec-2020,14,20,29,47,49,4,12
1376,27-Nov-2020,2,5,8,14,16,8,9
1375,24-Nov-2020,25,33,38,42,50,8,12
1374,20-Nov-2020,28,29,39,48,50,5,7
1373,17-Nov-2020,16,19,25,30,44,2,6
1372,13-Nov-2020,1,5,17,28,31,1,10
1371,10-Nov-2020,3,19,29,32,38,5,12
1370,06-Nov-2020,7,12,37,40,50,1,2
1369,03-Nov-2020,5,7,18,20,30,6,7
1368,30-Oct-2020,12,16,20,21,28,3,9
1367,27-Oct-2020,13,15,28,32,44,3,12
1366,23-Oct-2020,10,15,19,21,23,3,12
1365,20-Oct-2020,5,6,15,37,42,3,4
1364,16-Oct-2020,15,33,38,40,50,3,6
1363,13-Oct-2020,5,14,38,41,46,1,10
1362,09-Oct-2020,11,15,35,41,50,5,8
1361,06-Oct-2020,4,21,36,41,47,9,11
1360,02-Oct-2020,6,12,15,40,45,3,9
1359,29-Sep-2020,4,14,16,41,44,11,12
1358,25-Sep-2020,19,23,34,37,45,1,7
1357,22-Sep-2020,16,25,28,39,40,1,6
1356,18-Sep-2020,2,10,19,25,45,1,7
1355,15-Sep-2020,16,20,25,30,38,6,8
1354,11-Sep-2020,34,38,42,43,45,9,12
1353,08-Sep-2020,2,9,31,35,41,9,12
1352,04-Sep-2020,6,22,29,40,43,4,7
1351,01-Sep-2020,4,8,10,33,46,8,11
1350,28-Aug-2020,7,12,16,17,31,7,9
1349,25-Aug-2020,7,18,30,37,39,8,10
1348,21-Aug-2020,10,15,35,44,50,3,5
1347,18-Aug-2020,6,12,17,34,42,5,12
1346,14-Aug-2020,9,10,19,42,49,4,12
1345,11-Aug-2020,8,13,14,42,50,3,9
1344,07-Aug-2020,5,20,21,36,41,6,11
1343,04-Aug-2020,1,2,5,15,42,5,8
1342,31-Jul-2020,21,24,30,46,49,2,5
1341,28-Jul-2020,9,13,15,17,34,2,7
1340,24-Jul-2020,8,9,27,28,50,4,12
1339,21-Jul-2020,14,15,24,29,42,2,4
1338,17-Jul-2020,7,15,27,41,43,7,9
1337,14-Jul-2020,11,22,30,37,47,9,10
1336,10-Jul-2020,15,17,23,30,38,2,7
1335,07-Jul-2020,12,16,23,33,41,8,10
1334,03-Jul-2020,4,16,27,37,39,3,6
1333,30-Jun-2020,1,6,11,28,42,2,10
1332,26-Jun-2020,1,10,12,21,26,5,11
1331,23-Jun-2020,2,12,19,46,49,1,8
1330,19-Jun-2020,5,14,19,24,43,3,11
1329,16-Jun-2020,4,9,11,17,39,2,10
1328,12-Jun-2020,2,24,39,45,46,4,8
1327,09-Jun-2020,5,15,27,36,46,2,8
1326,05-06-2020,5,11,17,24,37,3,6
1325,02-06-2020,10,12,22,26,49,7,11
1324,29-05-2020,4,8,11,19,46,4,8
1323,26-05-2020,4,9,14,21,27,4,6
1322,22-05-2020,3,18,22,27,32,2,7
1321,19-05-2020,5,25,32,37,43,6,7
1320,15-05-2020,11,23,32,34,39,1,6
1319,12-05-2020,9,16,29,37,39,4,11
1318,08-05-2020,8,25,32,33,38,7,9
1317,05-05-2020,2,10,22,27,41,2,3
1316,01-05-2020,19,20,38,45,47,2,6
1315,28-04-2020,15,23,26,28,32,1,5
1314,24-04-2020,1,5,19,21,28,4,7
1313,21-04-2020,10,11,14,23,28,6,8
1312,17-04-2020,16,28,32,37,45,1,11
1311,14-04-2020,6,29,34,35,40,4,11
1310,10-04-2020,3,10,17,33,39,1,4
1309,07-04-2020,4,5,14,33,48,7,12
1308,03-04-2020,16,19,34,46,50,2,6
1307,31-03-2020,12,17,24,30,36,1,9
1306,27-03-2020,11,14,27,41,46,2,3
1305,24-03-2020,7,12,26,30,33,10,11
1304,20-03-2020,3,9,20,34,40,6,12
1303,17-03-2020,5,7,8,16,20,2,12
1302,13-03-2020,3,11,21,27,36,9,10
1301,10-03-2020,11,23,30,37,43,5,12
1300,06-03-2020,15,38,43,45,46,1,11
1299,03-03-2020,4,14,27,44,45,1,10
1298,28-02-2020,8,11,20,22,23,3,4
1297,25-02-2020,1,4,18,27,42,4,6
1296,21-02-2020,7,23,30,32,45,5,9
1295,18-02-2020,11,32,34,38,47,2,10
1294,14-02-2020,5,20,35,41,49,6,10
1293,11-02-2020,24,26,32,43,46,6,10
1292,07-02-2020,9,15,17,25,40,3,9
1291,04-02-2020,21,23,33,35,47,6,7
1290,31-01-2020,13,18,20,23,30,2,4
1289,28-01-2020,1,19,27,31,38,4,5
1288,24-01-2020,3,4,6,9,24,5,8
1287,21-01-2020,10,11,24,36,46,3,5
1286,17-01-2020,8,19,20,29,44,3,8
1285,14-01-2020,21,25,29,39,44,8,9
1284,10-01-2020,6,17,32,44,46,2,6
1283,07-01-2020,5,8,12,37,43,6,11
1282,03-01-2020,5,15,20,36,47,8,12
1281,31-12-2019,26,31,33,41,48,2,4
1280,27-12-2019,1,7,22,26,35,5,10
1279,24-12-2019,3,11,13,14,47,3,6
1278,20-12-2019,8,24,30,32,34,3,4
1277,17-12-2019,1,7,12,25,49,6,9
1276,13-12-2019,9,16,18,23,32,2,10
1275,10-12-2019,2,10,19,21,47,2,8
1274,06-12-2019,1,3,27,39,46,1,10
1273,03-12-2019,18,31,32,38,48,4,12
1272,29-11-2019,3,7,12,42,50,6,8
1271,26-11-2019,2,3,15,19,34,5,8
1270,22-11-2019,3,21,32,34,48,3,11
1269,19-11-2019,8,10,15,30,42,4,6
1268,15-11-2019,3,13,20,32,34,4,11
1267,12-11-2019,1,21,23,25,39,2,4
1266,08-11-2019,8,17,20,23,45,2,8
1265,05-11-2019,9,14,25,33,48,2,12
1264,01-11-2019,2,20,39,44,48,5,7
1263,29-10-2019,16,18,28,42,49,5,10
1262,25-10-2019,34,37,39,40,50,4,10
1261,22-10-2019,2,5,32,33,47,7,8
1260,18-10-2019,8,18,22,41,42,11,12
1259,15-10-2019,3,28,31,32,34,4,5
1258,11-10-2019,2,14,19,42,45,5,6
1257,08-10-2019,7,10,15,44,49,3,12
1256,04-10-2019,6,9,35,41,44,6,9
1255,01-10-2019,2,11,18,40,46,1,4
1254,27-09-2019,24,37,41,43,46,2,8
1253,24-09-2019,2,33,42,47,48,1,2
1252,20-09-2019,8,21,25,38,50,4,8
1251,17-09-2019,22,37,43,44,45,1,12
1250,13-09-2019,1,12,27,42,47,6,7
1249,10-09-2019,3,22,25,30,49,3,6
1248,06-09-2019,10,13,22,40,48,2,5
1247,03-09-2019,7,11,38,39,44,7,10
1246,30-08-2019,25,27,45,46,49,4,6
1245,27-08-2019,8,26,35,43,47,1,9
1244,23-08-2019,4,17,35,42,45,2,8
1243,20-08-2019,20,22,23,24,37,1,4
1242,16-08-2019,9,10,27,37,42,1,5
1241,13-08-2019,13,29,31,33,40,2,3
1240,09-08-2019,2,14,35,41,42,10,11
1239,06-08-2019,12,13,29,36,38,4,12
1238,02-08-2019,13,22,33,44,50,2,5
1237,30-07-2019,15,20,23,27,40,3,6
1236,26-07-2019,2,5,27,37,42,3,10
1235,23-07-2019,1,14,19,23,38,3,7
1234,19-07-2019,13,14,17,26,28,2,7
1233,16-07-2019,3,5,13,18,39,7,8
1232,12-07-2019,2,31,39,45,47,4,8
1231,09-07-2019,7,29,32,36,41,6,7
1230,05-07-2019,2,9,20,34,42,6,9
1229,02-07-2019,11,19,29,44,45,8,12
1228,28-06-2019,1,3,16,33,49,2,11
1227,25-06-2019,6,26,27,34,46,1,9
1226,21-06-2019,5,8,9,25,39,3,7
1225,18-06-2019,12,24,37,40,44,3,7
1224,14-06-2019,1,13,30,31,39,2,7
1223,11-06-2019,25,27,39,42,46,11,12
1222,07-06-2019,1,4,16,20,34,2,5
1221,04-06-2019,9,31,32,39,41,2,8
1220,31-05-2019,1,23,24,26,35,1,11
1219,28-05-2019,7,19,20,28,29,1,5
1218,24-05-2019,5,16,23,30,49,6,7
1217,21-05-2019,32,33,34,39,47,8,12
1216,17-05-2019,16,28,42,43,45,6,7
1215,14-05-2019,10,14,17,25,50,2,10
1214,10-05-2019,1,4,27,45,48,1,7
1213,07-05-2019,7,20,26,32,47,2,11
1212,03-05-2019,2,9,20,27,43,5,6
1211,30-04-2019,5,12,20,26,48,2,11
1210,26-04-2019,14,33,35,47,50,9,11
1209,23-04-2019,18,23,27,42,44,2,7
1208,19-04-2019,7,8,32,41,49,5,11
1207,16-04-2019,1,8,15,44,49,2,11
1206,12-04-2019,1,28,35,36,46,6,9
1205,09-04-2019,18,21,29,38,41,1,11
1204,05-04-2019,1,7,10,29,45,3,5
1203,02-04-2019,2,9,16,26,36,6,7
1202,29-03-2019,13,23,26,32,47,6,10
1201,26-03-2019,12,19,23,43,47,2,6
1200,22-03-2019,4,17,26,30,43,6,11
1199,19-03-2019,1,6,9,34,47,7,12
1198,15-03-2019,3,15,24,42,46,9,12
1197,12-03-2019,5,7,13,19,31,2,9
1196,08-03-2019,17,18,19,24,40,4,8
1195,05-03-2019,6,10,16,39,46,8,11
1194,01-03-2019,6,9,19,26,31,11,12
1193,26-02-2019,3,15,29,35,47,3,4
1192,22-02-2019,3,27,29,33,50,3,7
1191,19-02-2019,1,8,18,19,39,7,9
1190,15-02-2019,15,27,34,38,49,2,10
1189,12-02-2019,6,34,36,41,50,1,5
1188,08-02-2019,11,12,13,39,46,7,10
1187,05-02-2019,14,25,31,37,43,2,3
1186,01-02-2019,3,21,26,41,46,1,6
1185,29-01-2019,14,24,26,32,39,3,8
1184,25-01-2019,1,6,13,15,16,6,10
1183,22-01-2019,9,23,29,41,49,8,10
1182,18-01-2019,5,6,16,30,46,5,10
1181,15-01-2019,22,25,29,33,35,3,6
1180,11-01-2019,1,19,31,39,48,1,6
1179,08-01-2019,3,19,22,31,32,2,11
1178,04-01-2019,7,11,19,27,37,6,10
1177,01-01-2019,1,8,11,25,28,4,6
1176,28-12-2018,13,16,34,35,45,10,12
1175,25-12-2018,4,5,8,31,43,2,9
1174,21-12-2018,2,12,15,34,50,3,4
1173,18-12-2018,1,9,18,39,48,5,7
1172,14-12-2018,12,29,38,42,44,2,12
1171,11-12-2018,4,7,13,23,42,1,3
1170,07-12-2018,11,17,26,37,48,1,10
1169,04-12-2018,19,20,21,42,45,8,9
1168,30-11-2018,3,10,12,23,26,1,12
1167,27-11-2018,4,16,17,18,32,2,11
1166,23-11-2018,5,8,25,26,30,3,10
1165,20-11-2018,6,19,39,45,48,7,12
1164,16-11-2018,9,10,13,28,41,1,12
1163,13-11-2018,2,7,10,13,42,3,6
1162,09-11-2018,14,17,32,37,49,11,12
1161,06-11-2018,14,24,36,40,43,2,9
1160,02-11-2018,5,15,17,37,44,7,11
1159,30-10-2018,17,23,27,43,44,1,12
1158,26-10-2018,5,18,21,31,35,6,9
1157,23-10-2018,1,2,5,21,32,2,12
1156,19-10-2018,1,3,29,47,48,3,12
1155,16-10-2018,15,28,37,40,42,1,6
1154,12-10-2018,4,9,12,31,43,5,8
1153,09-10-2018,3,12,36,44,45,8,11
1152,05-10-2018,8,16,24,26,35,3,11
1151,02-10-2018,7,17,29,37,45,3,11
1150,28-09-2018,2,4,8,27,50,2,9
1149,25-09-2018,6,15,20,30,38,4,7
1148,21-09-2018,5,7,21,25,37,3,4
1147,18-09-2018,3,8,10,32,45,4,12
1146,14-09-2018,1,3,33,40,45,3,4
1145,11-09-2018,9,18,32,38,46,2,3
1144,07-09-2018,4,23,27,31,50,1,8
1143,04-09-2018,5,14,28,30,47,4,11
1142,31-08-2018,4,30,31,38,42,4,6
1141,28-08-2018,4,16,32,42,46,8,12
1140,24-08-2018,3,14,31,36,50,1,12
1139,21-08-2018,16,23,42,43,49,10,12
1138,17-08-2018,2,15,18,24,43,8,12
1137,14-08-2018,1,15,18,25,31,9,11
1136,10-08-2018,18,20,36,43,44,3,9
1135,07-08-2018,16,28,29,30,36,8,10
1134,03-08-2018,7,26,36,38,43,6,12
1133,31-07-2018,20,25,34,42,45,6,11
1132,27-07-2018,11,17,22,23,41,6,11
1131,24-07-2018,2,4,23,39,40,3,9
1130,20-07-2018,2,15,40,43,46,3,6
1129,17-07-2018,4,6,27,48,50,1,11
1128,13-07-2018,1,4,14,21,49,2,12
1127,10-07-2018,3,8,26,33,45,7,10
1126,06-07-2018,8,30,33,38,48,2,10
1125,03-07-2018,1,12,15,29,48,3,5
1124,29-06-2018,15,21,23,40,48,3,12
1123,26-06-2018,15,16,20,34,50,4,7
1122,22-06-2018,14,25,39,41,44,2,8
1121,19-06-2018,7,19,26,42,50,4,9
1120,15-06-2018,23,26,33,38,49,1,12
1119,12-06-2018,7,21,23,36,38,6,8
1118,08-06-2018,8,19,32,43,46,2,8
1117,05-06-2018,9,15,22,39,46,4,5
1116,01-06-2018,17,18,24,29,40,4,5
1115,29-05-2018,6,11,20,38,43,2,4
1114,25-05-2018,13,15,16,28,41,4,5
1113,22-05-2018,1,11,37,41,48,8,12
1112,18-05-2018,5,8,10,13,31,3,6
1111,15-05-2018,4,16,20,31,39,2,12
1110,11-05-2018,3,22,34,49,50,8,11
1109,08-05-2018,17,25,35,39,44,2,5
1108,04-05-2018,6,12,23,39,45,9,12
1107,01-05-2018,6,15,17,42,48,4,6
1106,27-04-2018,12,24,40,41,46,5,12
1105,24-04-2018,20,23,28,30,44,3,7
1104,20-04-2018,3,16,25,39,44,7,11
1103,17-04-2018,15,27,33,39,50,4,6
1102,13-04-2018,5,25,34,48,50,6,7
1101,10-04-2018,14,27,39,46,48,11,12
1100,06-04-2018,1,29,33,45,47,4,8
1099,03-04-2018,3,8,16,40,43,5,8
1098,30-03-2018,12,17,28,35,47,7,11
1097,27-03-2018,17,20,23,40,46,9,10
1096,23-03-2018,5,7,11,46,50,8,11
1095,20-03-2018,26,29,37,39,44,9,11
1094,16-03-2018,4,17,24,27,31,10,11
1093,13-03-2018,9,11,13,33,49,6,12
1092,09-03-2018,9,14,21,32,44,1,12
1091,06-03-2018,15,20,26,31,44,2,9
1090,02-03-2018,2,7,34,45,48,1,12
1089,27-02-2018,3,31,41,48,50,8,11
1088,23-02-2018,10,17,18,28,47,3,7
1087,20-02-2018,6,14,19,25,29,5,11
1086,16-02-2018,10,12,23,32,50,4,10
1085,13-02-2018,10,13,17,21,44,1,10
1084,09-02-2018,22,31,36,38,44,1,11
1083,06-02-2018,8,17,28,34,38,6,12
1082,02-02-2018,14,34,36,39,48,2,3
1081,30-01-2018,11,15,21,27,35,4,5
1080,26-01-2018,6,15,24,28,48,4,9
1079,23-01-2018,5,8,9,23,24,7,8
1078,19-01-2018,3,8,17,44,50,2,7
1077,16-01-2018,20,23,31,34,46,3,12
1076,12-01-2018,13,21,23,30,45,4,6
1075,09-01-2018,6,12,15,38,49,2,9
1074,05-01-2018,2,5,20,38,41,4,8
1073,02-01-2018,10,20,21,28,48,1,8
1072,29-12-2017,4,8,22,23,48,1,12
1071,26-12-2017,4,17,30,43,44,2,10
1070,22-12-2017,5,24,30,31,43,3,6
1069,19-12-2017,8,15,30,38,46,4,7
1068,15-12-2017,25,30,31,42,50,2,11
1067,12-12-2017,20,37,39,44,50,4,8
1066,08-12-2017,4,22,30,32,34,3,4
1065,05-12-2017,11,36,43,44,48,2,7
1064,01-12-2017,5,24,29,35,46,11,12
1063,28-11-2017,1,6,12,18,42,2,7
1062,24-11-2017,19,24,28,30,50,3,10
1061,21-11-2017,2,10,14,28,31,5,7
1060,17-11-2017,20,26,35,36,42,5,12
1059,14-11-2017,14,16,39,40,41,8,10
1058,10-11-2017,13,22,29,36,37,1,9
1057,07-11-2017,7,19,20,37,41,2,12
1056,03-11-2017,5,12,17,33,41,4,9
1055,31-10-2017,1,12,36,43,46,3,5
1054,27-10-2017,3,16,23,32,39,1,4
1053,24-10-2017,9,11,13,27,33,7,10
1052,20-10-2017,4,17,23,27,30,3,8
1051,17-10-2017,13,17,19,26,36,2,3
1050,13-10-2017,23,29,37,45,50,5,11
1049,10-10-2017,4,21,34,36,37,3,6
1048,06-10-2017,1,9,15,19,25,1,7
1047,03-10-2017,6,24,32,48,50,1,5
1046,29-09-2017,7,18,19,32,48,3,7
1045,26-09-2017,1,29,40,41,48,6,12
1044,22-09-2017,6,11,31,39,42,1,3
1043,19-09-2017,1,8,21,30,45,2,3
1042,15-09-2017,13,18,37,44,49,9,12
1041,12-09-2017,10,17,27,29,35,4,11
1040,08-09-2017,9,24,42,47,49,1,5
1039,05-09-2017,6,9,18,28,29,1,9
1038,01-09-2017,3,7,8,14,49,5,8
1037,29-08-2017,4,12,15,32,38,1,5
1036,25-08-2017,1,5,7,15,47,9,12
1035,22-08-2017,3,10,12,17,27,3,5
1034,18-08-2017,2,24,39,42,45,2,8
1033,15-08-2017,10,14,30,35,46,4,10
1032,11-08-2017,18,28,39,46,48,5,12
1031,08-08-2017,15,25,26,40,41,4,5
1030,04-08-2017,29,30,36,40,41,2,9
1029,01-08-2017,14,21,24,29,30,8,10
1028,28-07-2017,5,9,29,31,41,2,4
1027,25-07-2017,12,14,43,44,48,2,11
1026,21-07-2017,1,8,9,26,49,5,9
1025,18-07-2017,1,25,27,41,45,5,7
1024,14-07-2017,11,14,20,21,47,7,10
1023,11-07-2017,14,22,26,42,50,8,10
1022,07-07-2017,11,20,35,37,45,3,6
1021,04-07-2017,10,22,25,37,49,5,8
1020,30-06-2017,17,35,39,47,50,6,8
1019,27-06-2017,9,17,21,28,45,1,3
1018,23-06-2017,3,4,21,31,38,3,7
1017,20-06-2017,11,18,26,43,44,8,10
1016,16-06-2017,15,17,38,41,42,9,12
1015,13-06-2017,3,12,22,27,49,4,11
1014,09-06-2017,9,20,27,39,43,10,11
1013,06-06-2017,20,22,25,37,40,3,7
1012,02-06-2017,8,10,24,33,42,3,9
1011,30-05-2017,7,12,27,38,48,6,9
1010,26-05-2017,5,7,26,36,39,2,10
1009,23-05-2017,8,15,25,27,42,1,4
1008,19-05-2017,9,11,12,19,30,4,9
1007,16-05-2017,8,11,15,20,30,3,8
1006,12-05-2017,2,20,28,29,44,3,9
1005,09-05-2017,8,12,16,22,26,6,7
1004,05-05-2017,3,7,30,35,43,1,3
1003,02-05-2017,6,19,23,25,27,11,12
1002,28-04-2017,14,20,25,30,39,2,8
1001,25-04-2017,9,11,19,32,43,3,9
1000,21-04-2017,2,13,16,22,49,4,5
999,18-04-2017,17,22,31,38,45,5,12
998,14-04-2017,4,14,20,23,33,6,10
997,11-04-2017,5,21,22,31,49,2,8
996,07-04-2017,2,10,19,35,50,6,7
995,04-04-2017,1,9,24,33,34,2,6
994,31-03-2017,17,24,26,28,45,4,12
993,28-03-2017,9,13,31,33,46,6,10
992,24-03-2017,2,17,21,27,34,5,9
991,21-03-2017,1,20,23,44,47,4,11
990,17-03-2017,6,10,19,29,36,3,9
989,14-03-2017,3,5,21,36,44,3,6
988,10-03-2017,31,36,38,47,49,8,11
987,07-03-2017,6,37,41,48,50,4,5
986,03-03-2017,2,11,29,30,47,1,12
985,28-02-2017,10,20,31,35,42,2,12
984,24-02-2017,2,4,13,22,43,8,9
983,21-02-2017,13,19,41,45,49,3,4
982,17-02-2017,19,25,33,36,48,2,9
981,14-02-2017,2,10,24,40,44,3,10
980,10-02-2017,7,21,26,35,43,2,9
979,07-02-2017,4,10,31,38,44,8,10
978,03-02-2017,3,4,15,46,50,5,9
977,31-01-2017,3,4,17,23,44,6,9
976,27-01-2017,17,20,28,45,48,5,9
975,24-01-2017,1,5,7,17,23,3,8
974,20-01-2017,10,17,27,31,49,3,5
973,17-01-2017,4,16,25,43,47,2,10
972,13-01-2017,3,7,16,26,50,4,7
971,10-01-2017,2,11,29,35,44,4,9
970,06-01-2017,10,14,18,21,49,9,11
969,03-01-2017,19,23,27,34,49,1,11
968,30-12-2016,8,10,22,29,47,1,3
967,27-12-2016,3,22,25,32,39,7,12
966,23-12-2016,4,16,20,39,46,2,5
965,20-12-2016,13,15,17,21,27,2,3
964,16-12-2016,6,10,30,41,45,4,11
963,13-12-2016,14,28,29,48,50,2,8
962,09-12-2016,6,12,28,37,40,1,5
961,06-12-2016,1,7,11,27,45,4,9
960,02-12-2016,6,11,23,31,32,2,12
959,29-11-2016,21,26,27,28,38,9,11
958,25-11-2016,5,11,17,23,28,10,11
957,22-11-2016,5,10,33,34,47,2,10
956,18-11-2016,3,12,27,32,47,6,8
955,15-11-2016,7,15,36,42,48,3,7
954,11-11-2016,3,22,23,38,49,2,9
953,08-11-2016,5,9,47,49,50,8,9
952,04-11-2016,7,11,12,44,48,3,7
951,01-11-2016,6,10,20,29,37,1,9
950,28-10-2016,10,16,19,23,43,2,8
949,25-10-2016,3,15,20,21,28,1,5
948,21-10-2016,9,20,23,44,48,8,10
947,18-10-2016,2,17,21,25,27,6,9
946,14-10-2016,7,13,19,31,34,1,11
945,11-10-2016,5,12,20,24,37,4,11
944,07-10-2016,2,12,20,27,30,9,11
943,04-10-2016,4,7,14,34,38,4,11
942,30-09-2016,17,35,37,43,44,2,10
941,27-09-2016,6,9,13,39,41,2,12
940,23-09-2016,14,16,39,42,49,3,9
939,20-09-2016,1,4,10,41,45,6,9
938,16-09-2016,5,8,14,22,32,2,11
937,13-09-2016,4,7,16,35,44,1,3
936,09-09-2016,4,11,15,17,28,1,3
935,06-09-2016,12,24,30,34,45,7,10
934,02-09-2016,8,16,32,40,50,2,11
933,30-08-2016,13,16,29,35,42,6,8
932,26-08-2016,1,9,28,30,48,7,8
931,23-08-2016,2,23,31,37,45,4,8
930,19-08-2016,5,6,22,25,34,5,7
929,16-08-2016,2,26,34,37,46,4,8
928,12-08-2016,2,15,28,36,50,2,11
927,09-08-2016,12,19,43,44,45,5,10
926,05-08-2016,16,19,24,35,37,2,7
925,02-08-2016,2,8,27,38,46,2,6
924,29-07-2016,1,21,26,40,50,2,4
923,26-07-2016,3,10,13,45,49,2,11
922,22-07-2016,7,24,26,37,45,5,9
921,19-07-2016,19,24,28,36,37,3,6
920,15-07-2016,2,11,13,14,21,1,8
919,12-07-2016,3,7,26,33,41,2,10
918,08-07-2016,8,12,18,33,44,4,8
917,05-07-2016,1,10,29,38,48,3,4
916,01-07-2016,2,11,13,40,50,1,10
915,28-06-2016,26,32,37,43,49,4,5
914,24-06-2016,11,19,27,28,39,3,10
913,21-06-2016,5,17,32,35,49,1,5
912,17-06-2016,1,7,18,27,43,4,8
911,14-06-2016,13,34,39,42,50,9,11
910,10-06-2016,14,21,35,42,43,7,9
909,07-06-2016,19,26,35,45,49,2,5
908,03-06-2016,7,23,31,33,39,6,10
907,31-05-2016,6,12,26,30,48,6,7
906,27-05-2016,13,25,27,43,46,4,8
905,24-05-2016,16,17,23,34,37,6,9
904,20-05-2016,9,14,30,41,45,4,9
903,17-05-2016,15,27,32,36,39,3,10
902,13-05-2016,7,15,28,31,42,10,11
901,10-05-2016,2,26,27,40,49,5,10
900,06-05-2016,32,34,40,45,48,1,10
899,03-05-2016,8,23,24,34,38,3,7
898,29-04-2016,4,5,25,28,43,6,11
897,26-04-2016,10,17,31,32,42,2,5
896,22-04-2016,17,26,32,34,43,2,10
895,19-04-2016,11,14,15,27,44,2,7
894,15-04-2016,13,14,32,37,48,1,7
893,12-04-2016,1,5,9,22,38,2,10
892,08-04-2016,6,8,26,43,49,6,10
891,05-04-2016,3,5,9,19,40,2,5
890,01-04-2016,2,16,23,25,49,6,9
889,29-03-2016,1,4,19,25,36,3,11
888,25-03-2016,12,19,36,42,43,5,8
887,22-03-2016,12,15,26,42,49,5,8
886,18-03-2016,14,19,21,24,49,5,11
885,15-03-2016,5,7,10,34,44,2,10
884,11-03-2016,1,21,26,40,43,6,9
883,08-03-2016,1,8,9,14,23,1,7
882,04-03-2016,9,14,16,23,40,1,5
881,01-03-2016,4,7,13,28,37,10,11
880,26-02-2016,5,13,15,33,50,9,11
879,23-02-2016,23,25,32,37,42,1,11
878,19-02-2016,13,14,30,32,39,3,9
877,16-02-2016,3,10,22,37,50,6,10
876,12-02-2016,3,20,28,31,49,2,5
875,09-02-2016,6,9,13,28,37,4,5
874,05-02-2016,3,27,32,41,46,4,8
873,02-02-2016,6,9,10,21,36,2,6
872,29-01-2016,1,5,23,29,32,1,7
871,26-01-2016,15,24,38,40,48,2,9
870,22-01-2016,10,12,27,30,47,8,9
869,19-01-2016,2,30,38,43,46,2,7
868,15-01-2016,10,19,38,43,46,1,11
867,12-01-2016,1,2,10,30,44,1,8
866,08-01-2016,5,26,33,35,40,3,8
865,05-01-2016,6,10,31,36,39,6,10
864,01-01-2016,4,37,38,39,44,4,7
863,29-12-2015,5,20,31,32,36,6,7
862,25-12-2015,3,10,25,27,40,3,9
861,22-12-2015,18,19,20,40,41,7,10
860,18-12-2015,6,22,26,29,48,5,6
859,15-12-2015,8,11,23,27,35,4,11
858,11-12-2015,3,5,21,40,43,6,11
857,08-12-2015,12,17,29,38,48,9,11
856,04-12-2015,8,17,18,27,39,1,7
855,01-12-2015,2,15,25,35,45,8,10
854,27-11-2015,16,29,30,37,50,6,8
853,24-11-2015,9,14,16,17,26,10,11
852,20-11-2015,4,30,34,46,49,7,8
851,17-11-2015,6,7,23,37,38,10,11
850,13-11-2015,10,17,18,33,40,2,8
849,10-11-2015,6,13,18,39,43,2,8
848,06-11-2015,3,17,26,38,40,4,10
847,03-11-2015,8,27,39,46,49,2,6
846,30-10-2015,8,13,17,21,34,6,7
845,27-10-2015,11,12,20,25,36,6,9
844,23-10-2015,7,25,30,32,39,2,8
843,20-10-2015,17,19,21,30,45,8,10
842,16-10-2015,7,28,29,43,48,3,10
841,13-10-2015,12,15,26,29,47,3,11
840,09-10-2015,1,40,42,43,47,9,11
839,06-10-2015,11,20,22,29,32,1,8
838,02-10-2015,7,18,21,32,35,2,11
837,29-09-2015,11,14,26,29,49,3,9
836,25-09-2015,13,14,23,30,37,2,8
835,22-09-2015,14,23,26,27,29,7,10
834,18-09-2015,7,29,33,34,39,7,8
833,15-09-2015,8,15,17,44,49,5,8
832,11-09-2015,10,18,19,29,50,1,9
831,08-09-2015,14,16,39,40,42,1,4
830,04-09-2015,8,9,27,45,50,8,10
829,01-09-2015,6,19,21,27,45,1,8
828,28-08-2015,11,29,30,31,34,4,7
827,25-08-2015,27,31,33,42,50,2,5
826,21-08-2015,4,16,18,43,47,6,10
825,18-08-2015,7,10,11,12,19,2,9
824,14-08-2015,4,7,39,44,45,3,5
823,11-08-2015,2,3,8,15,16,4,11
822,07-08-2015,1,5,21,39,44,4,11
821,04-08-2015,10,15,39,45,50,9,10
820,31-07-2015,16,21,34,40,50,6,9
819,28-07-2015,23,32,36,43,49,7,8
818,24-07-2015,2,9,21,35,46,2,11
817,21-07-2015,14,20,27,29,44,7,10
816,17-07-2015,1,21,22,43,48,7,9
815,14-07-2015,6,18,19,34,36,1,8
814,10-07-2015,5,8,15,35,41,4,5
813,07-07-2015,6,7,18,33,41,3,10
812,03-07-2015,11,12,15,18,44,3,9
811,30-06-2015,11,15,28,34,37,1,8
810,26-06-2015,3,6,10,19,24,5,7
809,23-06-2015,4,16,22,38,49,6,9
808,19-06-2015,7,14,20,31,42,3,9
807,16-06-2015,10,15,16,36,37,3,9
806,12-06-2015,5,8,10,11,37,7,9
805,09-06-2015,5,9,17,32,34,6,8
804,05-06-2015,2,7,8,45,48,1,9
803,02-06-2015,7,23,29,37,41,1,8
802,29-05-2015,3,4,20,45,48,6,8
801,26-05-2015,5,6,7,21,24,5,6
800,22-05-2015,18,24,35,44,45,5,11
799,19-05-2015,26,30,31,35,37,8,11
798,15-05-2015,5,35,42,44,47,8,9
797,12-05-2015,14,29,30,40,46,3,6
796,08-05-2015,7,14,19,47,49,3,10
795,05-05-2015,1,10,17,20,42,8,9
794,01-05-2015,3,19,20,25,26,6,10
793,28-04-2015,24,26,28,36,45,7,10
792,24-04-2015,5,19,29,31,40,3,10
791,21-04-2015,6,14,17,42,45,1,8
790,17-04-2015,2,24,30,34,39,8,11
789,14-04-2015,24,32,34,35,49,1,2
788,10-04-2015,22,23,25,30,43,5,9
787,07-04-2015,18,25,39,44,50,5,8
786,03-04-2015,27,29,37,39,49,2,4
785,31-03-2015,8,20,24,28,49,8,9
784,27-03-2015,2,30,32,39,44,6,10
783,24-03-2015,10,24,26,39,40,3,10
782,20-03-2015,3,14,37,42,48,1,10
781,17-03-2015,11,23,26,38,44,1,8
780,13-03-2015,4,5,18,22,23,1,3
779,10-03-2015,2,6,23,30,31,2,10
778,06-03-2015,23,30,47,49,50,2,7
777,03-03-2015,6,8,11,13,21,7,8
776,27-02-2015,5,14,17,25,47,9,10
775,24-02-2015,3,25,28,34,50,1,11
774,20-02-2015,4,10,14,37,46,4,7
773,17-02-2015,2,5,18,30,43,1,10
772,13-02-2015,12,24,39,42,44,3,11
771,10-02-2015,13,17,20,30,45,9,10
770,06-02-2015,10,26,30,39,50,7,8
769,03-02-2015,17,31,33,44,50,7,11
768,30-01-2015,9,13,15,19,24,3,8
767,27-01-2015,5,10,31,33,40,8,10
766,23-01-2015,6,29,30,38,45,1,8
765,20-01-2015,15,33,41,44,47,8,10
764,16-01-2015,29,30,32,34,46,3,6
763,13-01-2015,8,17,21,31,34,9,10
762,09-01-2015,6,21,24,32,45,1,11
761,06-01-2015,14,20,30,38,49,3,4
760,02-01-2015,22,24,25,28,49,3,6
759,30-12-2014,6,18,39,44,50,8,11
758,26-12-2014,17,26,27,45,49,2,3
757,23-12-2014,8,9,19,25,49,2,10
756,19-12-2014,23,29,31,39,44,5,8
755,16-12-2014,3,7,12,13,25,5,8
754,12-12-2014,2,15,28,31,37,4,6
753,09-12-2014,1,3,31,42,46,4,11
752,05-12-2014,5,8,37,47,48,2,3
751,02-12-2014,3,15,25,44,49,1,9
750,28-11-2014,6,10,15,23,41,4,10
749,25-11-2014,3,7,25,32,36,1,6
748,21-11-2014,4,7,28,32,37,5,10
747,18-11-2014,2,3,17,36,38,4,11
746,14-11-2014,17,32,36,38,48,5,8
745,11-11-2014,2,14,21,36,46,7,11
744,07-11-2014,13,25,32,38,46,1,10
743,04-11-2014,1,6,13,17,26,3,5
742,31-10-2014,10,13,20,33,41,3,9
741,28-10-2014,10,15,17,40,45,1,2
740,24-10-2014,3,9,20,30,42,1,6
739,21-10-2014,20,21,27,33,40,3,10
738,17-10-2014,1,13,40,48,49,8,10
737,14-10-2014,4,5,15,23,32,3,7
736,10-10-2014,6,29,42,45,47,9,10
735,07-10-2014,9,21,28,30,38,1,8
734,03-10-2014,4,13,23,48,50,5,10
733,30-09-2014,3,13,15,33,42,5,7
732,26-09-2014,13,27,35,46,47,1,2
731,23-09-2014,12,13,14,29,35,1,7
730,19-09-2014,6,8,34,38,48,3,9
729,16-09-2014,4,29,30,35,50,2,4
728,12-09-2014,9,13,26,31,33,7,11
727,09-09-2014,8,15,19,24,35,8,10
726,05-09-2014,1,18,23,46,50,3,9
725,02-09-2014,5,25,31,39,45,1,8
724,29-08-2014,2,9,26,32,38,3,6
723,26-08-2014,10,22,36,45,48,4,11
722,22-08-2014,4,17,29,35,49,1,2
721,19-08-2014,4,7,11,34,47,7,8
720,15-08-2014,4,5,21,23,30,8,10
719,12-08-2014,7,16,19,22,33,2,5
718,08-08-2014,21,29,35,43,46,1,9
717,05-08-2014,5,7,19,21,42,5,11
716,01-08-2014,24,44,46,48,50,5,10
715,29-07-2014,10,23,35,40,43,3,9
714,25-07-2014,9,10,12,24,43,5,9
713,22-07-2014,1,24,43,45,50,5,8
712,18-07-2014,1,11,29,41,43,3,11
711,15-07-2014,15,18,20,27,34,1,3
710,11-07-2014,5,22,35,38,49,4,7
709,08-07-2014,8,18,22,24,27,4,11
708,04-07-2014,4,18,39,43,47,2,6
707,01-07-2014,18,22,25,27,39,5,10
706,27-06-2014,31,33,34,39,45,2,10
705,24-06-2014,1,7,20,21,48,4,7
704,20-06-2014,5,15,25,38,49,1,2
703,17-06-2014,11,13,37,40,48,8,9
702,13-06-2014,16,18,22,28,46,9,11
701,10-06-2014,12,18,21,32,33,1,11
700,06-06-2014,7,25,34,40,49,9,11
699,03-06-2014,2,15,32,39,44,5,10
698,30-05-2014,5,24,27,41,45,6,7
697,27-05-2014,7,13,16,25,26,1,6
696,23-05-2014,3,8,31,34,47,9,11
695,20-05-2014,5,33,36,38,47,4,9
694,16-05-2014,23,26,29,37,40,3,4
693,13-05-2014,4,13,30,34,47,2,6
692,09-05-2014,3,21,26,28,45,7,10
691,06-05-2014,5,19,24,31,37,1,9
690,02-05-2014,4,30,31,38,42,2,11
689,29-04-2014,18,23,26,35,44,3,11
688,25-04-2014,13,21,24,44,49,1,9
687,22-04-2014,13,15,20,24,46,1,8
686,18-04-2014,21,24,31,39,47,3,7
685,15-04-2014,3,14,26,47,50,7,11
684,11-04-2014,8,12,19,30,33,4,11
683,08-04-2014,11,18,29,42,49,4,11
682,04-04-2014,6,10,28,45,50,10,11
681,01-04-2014,16,18,26,38,44,8,10
680,28-03-2014,3,4,19,28,43,3,7
679,25-03-2014,7,20,26,28,50,2,8
678,21-03-2014,7,30,37,39,42,5,7
677,18-03-2014,8,27,34,36,39,5,10
676,14-03-2014,6,24,25,27,30,5,9
675,11-03-2014,1,4,23,33,44,7,8
674,07-03-2014,5,10,38,40,41,1,8
673,04-03-2014,3,5,22,27,44,1,6
672,28-02-2014,12,32,38,43,44,2,7
671,25-02-2014,21,25,28,35,42,4,6
670,21-02-2014,13,17,28,30,32,5,7
669,18-02-2014,23,26,36,37,49,6,7
668,14-02-2014,2,4,6,19,39,2,7
667,11-02-2014,8,17,25,41,47,1,2
666,07-02-2014,3,17,19,46,47,9,10
665,04-02-2014,1,21,33,37,38,4,8
664,31-01-2014,8,10,15,16,31,8,9
663,28-01-2014,18,20,23,42,48,2,9
662,24-01-2014,5,19,34,35,41,1,5
661,21-01-2014,4,12,35,42,48,5,8
660,17-01-2014,19,26,32,33,42,4,10
659,14-01-2014,18,20,25,26,37,10,11
658,10-01-2014,1,2,11,27,29,1,10
657,07-01-2014,2,20,27,33,45,6,10
656,03-01-2014,3,27,31,38,44,3,8
655,31-12-2013,13,20,24,29,45,3,7
654,27-12-2013,1,6,13,22,28,5,10
653,24-12-2013,5,19,31,43,50,2,6
652,20-12-2013,12,13,17,22,43,3,10
651,17-12-2013,6,8,27,37,41,7,10
650,13-12-2013,1,22,23,24,31,6,11
649,10-12-2013,6,24,35,49,50,1,7
648,06-12-2013,1,2,18,31,36,7,10
647,03-12-2013,6,13,15,29,32,2,9
646,29-11-2013,2,7,10,23,43,4,7
645,26-11-2013,19,23,27,42,44,3,5
644,22-11-2013,13,25,26,40,50,8,9
643,19-11-2013,14,15,19,36,45,1,10
642,15-11-2013,3,13,15,29,42,1,4
641,12-11-2013,14,29,37,40,48,2,11
640,08-11-2013,20,28,35,42,43,8,10
639,05-11-2013,6,12,13,35,38,2,3
638,01-11-2013,7,19,29,30,33,3,8
637,29-10-2013,9,10,30,32,37,2,6
636,25-10-2013,2,3,10,31,38,6,10
635,22-10-2013,29,33,39,41,44,9,11
634,18-10-2013,5,25,36,46,47,2,6
633,15-10-2013,18,27,39,43,47,4,7
632,11-10-2013,6,12,17,23,43,5,9
631,08-10-2013,23,24,26,33,42,3,5
630,04-10-2013,6,20,24,35,50,5,10
629,01-10-2013,19,23,25,44,48,8,9
628,27-09-2013,11,15,38,41,43,2,6
627,24-09-2013,10,20,26,28,43,9,11
626,20-09-2013,5,11,35,38,45,2,3
625,17-09-2013,13,17,21,42,44,9,11
624,13-09-2013,4,6,14,27,33,5,10
623,10-09-2013,7,11,14,28,30,2,10
622,06-09-2013,11,23,25,32,37,4,7
621,03-09-2013,5,9,16,18,42,7,9
620,30-08-2013,2,17,25,36,45,5,9
619,27-08-2013,7,30,38,40,43,2,6
618,23-08-2013,1,6,26,30,37,5,8
617,20-08-2013,5,11,42,49,50,8,11
616,16-08-2013,20,24,27,37,39,5,10
615,13-08-2013,5,17,20,47,50,1,4
614,09-08-2013,4,7,9,23,24,8,9
613,06-08-2013,16,17,31,47,49,3,11
612,02-08-2013,21,36,37,42,48,4,7
611,30-07-2013,3,4,11,14,43,1,6
610,26-07-2013,12,23,29,38,49,3,4
609,23-07-2013,14,15,16,19,44,4,5
608,19-07-2013,13,16,24,26,35,2,5
607,16-07-2013,19,23,34,47,50,4,6
606,12-07-2013,18,26,32,33,42,2,3
605,09-07-2013,16,18,31,38,49,4,10
604,05-07-2013,4,12,15,28,33,1,10
603,02-07-2013,11,13,14,28,30,4,5
602,28-06-2013,1,15,28,35,47,1,7
601,25-06-2013,4,5,13,27,35,1,2
600,21-06-2013,10,11,30,36,45,1,2
599,18-06-2013,17,24,33,41,44,1,11
598,14-06-2013,10,25,41,47,48,6,10
597,11-06-2013,5,7,9,25,41,1,5
596,07-06-2013,7,14,26,45,50,2,7
595,04-06-2013,31,33,34,37,40,1,6
594,31-05-2013,27,28,29,34,43,5,10
593,28-05-2013,8,13,26,34,38,3,11
592,24-05-2013,7,17,22,27,40,2,3
591,21-05-2013,7,8,19,28,29,5,9
590,17-05-2013,6,20,24,25,50,9,10
589,14-05-2013,7,8,24,27,36,5,11
588,10-05-2013,1,32,35,45,48,4,11
587,07-05-2013,13,27,28,42,43,4,6
586,03-05-2013,3,5,34,40,49,2,3
585,30-04-2013,13,36,40,43,50,5,9
584,26-04-2013,11,16,24,38,40,2,5
583,23-04-2013,1,4,7,10,50,4,11
582,19-04-2013,1,8,42,46,48,4,7
581,16-04-2013,1,11,22,33,50,4,6
580,12-04-2013,5,10,15,28,45,3,9
579,09-04-2013,15,35,38,44,48,5,10
578,05-04-2013,1,11,17,32,39,2,7
577,02-04-2013,12,17,25,29,41,1,4
576,29-03-2013,13,30,43,44,46,5,9
575,26-03-2013,4,26,30,42,44,6,11
574,22-03-2013,12,27,32,34,49,8,9
573,19-03-2013,19,32,35,37,44,1,9
572,15-03-2013,4,14,21,24,39,3,10
571,12-03-2013,2,4,10,22,50,5,8
570,08-03-2013,3,20,23,28,42,8,11
569,05-03-2013,8,19,31,33,39,2,7
568,01-03-2013,1,11,29,36,42,4,5
567,26-02-2013,3,12,13,17,30,2,6
566,22-02-2013,15,16,28,36,37,2,11
565,19-02-2013,12,15,28,30,44,8,9
564,15-02-2013,2,4,22,28,42,4,9
563,12-02-2013,5,11,16,25,28,7,9
562,08-02-2013,9,11,14,34,44,10,11
561,05-02-2013,6,25,31,40,45,6,7
560,01-02-2013,5,21,34,37,38,1,6
559,29-01-2013,9,16,26,36,39,2,6
558,25-01-2013,3,10,18,31,37,2,4
557,22-01-2013,1,10,44,45,48,1,4
556,18-01-2013,4,26,27,30,39,3,10
555,15-01-2013,22,38,40,42,47,1,11
554,11-01-2013,4,22,29,37,41,4,7
553,08-01-2013,2,20,22,26,47,5,9
552,04-01-2013,4,10,22,27,41,8,10
551,01-01-2013,2,7,8,36,49,1,11
550,28-12-2012,17,24,26,27,49,3,5
549,25-12-2012,14,18,20,23,32,3,10
548,21-12-2012,3,5,22,40,42,3,10
547,18-12-2012,14,18,20,35,44,2,5
546,14-12-2012,10,11,29,40,43,3,11
545,11-12-2012,1,4,9,43,50,6,8
544,07-12-2012,10,16,18,31,42,2,5
543,04-12-2012,5,10,28,29,44,2,4
542,30-11-2012,10,18,23,24,40,3,4
541,27-11-2012,6,10,23,44,49,1,7
540,23-11-2012,1,9,11,20,40,1,5
539,20-11-2012,28,30,42,45,49,5,10
538,16-11-2012,10,15,19,23,41,2,9
537,13-11-2012,11,16,21,24,29,2,6
536,09-11-2012,14,21,22,28,47,4,5
535,06-11-2012,7,20,25,35,41,1,9
534,02-11-2012,3,6,10,11,44,3,4
533,30-10-2012,23,24,25,31,44,2,3
532,26-10-2012,5,6,9,27,38,5,11
531,23-10-2012,1,28,35,38,50,2,10
530,19-10-2012,16,29,37,40,44,8,10
529,16-10-2012,10,32,40,41,49,2,8
528,12-10-2012,6,7,17,35,43,2,8
527,09-10-2012,2,8,10,23,25,8,9
526,05-10-2012,9,16,18,19,21,2,3
525,02-10-2012,4,16,21,36,42,7,8
524,28-09-2012,20,23,26,30,33,6,9
523,25-09-2012,7,25,27,48,49,1,4
522,21-09-2012,4,19,34,41,43,7,11
521,18-09-2012,6,7,38,39,44,7,9
520,14-09-2012,3,10,23,27,44,7,9
519,11-09-2012,6,15,22,37,44,2,4
518,07-09-2012,13,15,30,35,42,4,6
517,04-09-2012,11,17,18,39,44,5,10
516,31-08-2012,16,28,31,33,48,7,11
515,28-08-2012,1,18,25,26,44,4,5
514,24-08-2012,5,6,12,19,37,3,7
513,21-08-2012,4,5,17,38,48,3,4
512,17-08-2012,19,25,28,33,44,2,8
511,14-08-2012,1,16,38,42,45,9,10
510,10-08-2012,11,17,21,48,50,9,10
509,07-08-2012,20,27,34,46,50,2,3
508,03-08-2012,24,34,35,42,46,1,5
507,31-07-2012,4,29,35,36,39,8,9
506,27-07-2012,14,15,21,23,48,2,10
505,24-07-2012,4,16,18,25,44,1,11
504,20-07-2012,10,19,23,45,49,9,10
503,17-07-2012,2,7,24,43,46,8,10
502,13-07-2012,8,18,25,35,46,4,9
501,10-07-2012,1,3,16,24,37,1,8
500,06-07-2012,31,32,38,40,42,1,3
499,03-07-2012,2,7,22,27,40,3,6
498,29-06-2012,14,17,28,29,39,1,11
497,26-06-2012,1,11,20,22,35,8,10
496,22-06-2012,14,18,19,43,49,3,7
495,19-06-2012,7,17,20,35,50,5,11
494,15-06-2012,10,22,27,38,48,3,7
493,12-06-2012,8,15,26,30,48,9,10
492,08-06-2012,5,11,22,34,40,9,11
491,05-06-2012,13,34,37,47,49,8,9
490,01-06-2012,2,4,14,26,36,9,10
489,29-05-2012,8,15,17,25,28,3,11
488,25-05-2012,12,22,35,46,49,2,8
487,22-05-2012,16,31,32,37,41,1,7
486,18-05-2012,13,29,43,47,50,9,11
485,15-05-2012,2,11,13,26,50,2,5
484,11-05-2012,1,13,17,38,44,2,11
483,08-05-2012,3,21,34,38,48,5,8
482,04-05-2012,3,26,39,40,41,1,2
481,01-05-2012,4,5,15,19,41,9,11
480,27-04-2012,20,27,30,36,43,1,6
479,24-04-2012,8,9,24,43,48,3,5
478,20-04-2012,3,6,29,32,41,10,11
477,17-04-2012,10,28,33,48,49,1,10
476,13-04-2012,8,13,26,39,43,3,5
475,10-04-2012,22,25,27,36,37,5,9
474,06-04-2012,11,20,30,35,45,2,3
473,03-04-2012,1,8,18,25,30,9,10
472,30-03-2012,4,17,23,36,46,6,10
471,27-03-2012,24,27,29,34,36,7,8
470,23-03-2012,9,15,23,31,50,8,11
469,20-03-2012,15,16,28,30,46,3,4
468,16-03-2012,3,4,12,23,50,4,7
467,13-03-2012,1,10,25,43,47,8,9
466,09-03-2012,3,32,36,39,47,6,9
465,06-03-2012,23,24,27,37,47,2,6
464,02-03-2012,5,6,11,30,44,2,6
463,28-02-2012,1,10,17,33,48,2,3
462,24-02-2012,3,7,12,26,34,8,10
461,21-02-2012,11,14,24,25,29,7,11
460,17-02-2012,4,11,28,38,47,10,11
459,14-02-2012,14,27,36,42,46,8,11
458,10-02-2012,3,8,14,31,41,7,11
457,07-02-2012,3,15,17,28,33,2,4
456,03-02-2012,16,19,20,25,28,1,10
455,31-01-2012,9,34,38,43,45,2,4
454,27-01-2012,10,13,19,39,44,2,6
453,24-01-2012,1,2,6,20,36,8,11
452,20-01-2012,2,10,22,27,28,6,8
451,17-01-2012,12,22,30,31,44,5,6
450,13-01-2012,13,14,21,27,39,6,8
449,10-01-2012,4,9,10,30,40,2,9
448,06-01-2012,1,6,10,12,31,2,7
447,03-01-2012,3,30,42,45,49,5,10
446,30-12-2011,16,36,43,44,50,7,8
445,27-12-2011,19,21,25,26,44,3,7
444,23-12-2011,7,21,22,24,28,1,11
443,20-12-2011,1,9,12,14,48,1,7
442,16-12-2011,2,5,10,23,31,2,5
441,13-12-2011,7,12,18,33,37,1,11
440,09-12-2011,12,21,29,44,47,1,2
439,06-12-2011,19,20,21,34,38,3,9
438,02-12-2011,7,27,30,40,43,8,9
437,29-11-2011,11,25,41,45,50,2,7
436,25-11-2011,14,19,26,28,34,5,8
435,22-11-2011,16,18,24,38,40,2,4
434,18-11-2011,4,12,24,39,44,2,4
433,15-11-2011,6,17,22,45,47,3,11
432,11-11-2011,1,4,18,23,30,3,7
431,08-11-2011,1,4,15,29,40,1,5
430,04-11-2011,11,14,41,43,50,2,9
429,01-11-2011,14,20,23,45,46,1,11
428,28-10-2011,16,17,20,39,50,4,8
427,25-10-2011,12,22,27,28,39,4,10
426,21-10-2011,2,19,33,37,46,5,8
425,18-10-2011,18,23,37,46,48,2,10
424,14-10-2011,12,23,29,32,47,3,5
423,11-10-2011,1,4,12,16,48,9,10
422,07-10-2011,18,26,34,38,42,5,8
421,04-10-2011,14,16,23,38,45,8,11
420,30-09-2011,5,15,28,31,44,1,6
419,27-09-2011,18,27,28,35,40,3,5
418,23-09-2011,6,14,33,34,48,2,6
417,20-09-2011,9,19,25,36,38,7,11
416,16-09-2011,2,8,17,39,42,3,10
415,13-09-2011,9,28,30,32,49,9,10
414,09-09-2011,5,21,28,31,34,1,2
413,06-09-2011,35,42,47,48,50,8,9
412,02-09-2011,12,26,37,38,44,4,7
411,30-08-2011,2,8,10,19,46,5,9
410,26-08-2011,12,22,25,33,45,5,7
409,23-08-2011,4,6,14,42,50,2,4
408,19-08-2011,6,14,16,28,31,2,11
407,16-08-2011,1,13,17,18,45,3,8
406,12-08-2011,7,10,20,27,37,4,7
405,09-08-2011,7,23,24,34,36,8,11
404,05-08-2011,13,14,18,32,34,1,10
403,02-08-2011,5,8,14,24,33,3,8
402,29-07-2011,12,19,27,37,38,5,10
401,26-07-2011,1,5,22,25,48,3,11
400,22-07-2011,4,15,23,49,50,2,6
399,19-07-2011,3,16,25,26,35,5,9
398,15-07-2011,6,26,33,34,39,3,4
397,12-07-2011,17,19,38,42,45,9,10
396,08-07-2011,12,13,23,40,49,7,10
395,05-07-2011,11,28,29,47,49,1,5
394,01-07-2011,8,11,23,31,46,8,9
393,28-06-2011,15,16,30,44,50,2,3
392,24-06-2011,5,16,20,30,41,6,11
391,21-06-2011,17,20,35,49,50,3,4
390,17-06-2011,11,16,21,22,44,3,8
389,14-06-2011,5,12,19,41,48,8,10
388,10-06-2011,3,19,20,37,48,8,11
387,07-06-2011,6,25,36,38,40,4,10
386,03-06-2011,4,39,40,49,50,2,5
385,31-05-2011,1,9,10,22,50,5,11
384,27-05-2011,9,17,25,28,49,8,9
383,24-05-2011,16,23,24,26,29,2,9
382,20-05-2011,10,14,20,25,42,8,11
381,17-05-2011,20,21,37,45,46,2,3
380,13-05-2011,9,11,17,36,47,1,2
379,10-05-2011,3,10,15,28,45,5,7
378,06-05-2011,11,16,20,22,28,4,9
377,29-04-2011,15,25,38,40,41,1,2
376,22-04-2011,11,22,36,45,48,1,4
375,15-04-2011,4,6,21,39,41,2,6
374,08-04-2011,21,23,38,47,50,2,6
373,01-04-2011,4,17,21,22,33,4,8
372,25-03-2011,6,12,21,27,33,3,7
371,18-03-2011,1,13,20,26,50,6,7
370,11-03-2011,17,19,24,37,46,2,7
369,04-03-2011,11,25,27,28,41,5,8
368,25-02-2011,12,13,42,45,48,3,9
367,18-02-2011,2,3,15,45,49,5,9
366,11-02-2011,12,14,15,19,23,7,8
365,04-02-2011,2,11,24,35,47,5,9
364,28-01-2011,13,23,24,41,42,1,5
363,21-01-2011,3,11,13,18,21,4,5
362,14-01-2011,2,14,24,39,44,6,7
361,07-01-2011,1,22,32,48,50,6,7
360,31-12-2010,2,24,34,38,43,1,7
359,24-12-2010,19,36,38,42,46,2,8
358,17-12-2010,3,20,29,35,42,3,8
357,10-12-2010,2,3,10,33,46,7,8
356,03-12-2010,8,19,28,32,46,4,7
355,26-11-2010,9,28,36,41,49,5,7
354,19-11-2010,12,15,32,36,45,7,9
353,12-11-2010,7,19,23,29,47,1,6
352,05-11-2010,21,23,33,40,50,4,5
351,29-10-2010,16,20,22,32,42,8,9
350,22-10-2010,4,5,9,11,39,3,5
349,15-10-2010,2,31,36,38,43,3,7
348,08-10-2010,9,30,35,39,46,6,8
347,01-10-2010,1,4,6,27,48,1,6
346,24-09-2010,1,4,16,40,48,1,9
345,17-09-2010,17,27,29,38,50,1,3
344,10-09-2010,17,21,35,41,45,1,5
343,03-09-2010,13,24,26,47,49,4,8
342,27-08-2010,1,6,13,30,49,1,9
341,20-08-2010,5,27,31,40,42,1,6
340,13-08-2010,4,9,15,21,47,2,7
339,06-08-2010,13,25,28,29,42,4,5
338,30-07-2010,3,4,11,28,39,2,8
337,23-07-2010,4,13,35,37,46,3,9
336,16-07-2010,38,39,45,46,49,7,8
335,09-07-2010,9,24,37,39,49,3,9
334,02-07-2010,12,13,36,41,46,1,8
333,25-06-2010,1,8,18,28,31,8,9
332,18-06-2010,2,29,31,32,38,1,4
331,11-06-2010,2,22,24,36,44,1,2
330,04-06-2010,4,17,34,40,42,4,9
329,28-05-2010,4,9,31,32,33,3,7
328,21-05-2010,7,19,30,38,50,4,7
327,14-05-2010,1,17,31,43,47,2,3
326,07-05-2010,3,6,15,21,32,7,9
325,30-04-2010,6,22,24,25,36,3,8
324,23-04-2010,3,7,8,43,46,6,8
323,16-04-2010,9,11,17,26,40,3,9
322,09-04-2010,7,21,23,24,44,3,4
321,02-04-2010,12,18,24,26,45,4,5
320,26-03-2010,8,16,18,37,43,2,6
319,19-03-2010,10,28,30,38,39,2,7
318,12-03-2010,1,26,33,36,46,6,7
317,05-03-2010,12,18,19,43,49,3,9
316,26-02-2010,7,11,18,29,42,6,7
315,19-02-2010,12,31,37,38,43,2,3
314,12-02-2010,1,5,18,38,45,4,6
313,05-02-2010,34,35,38,39,46,3,4
312,29-01-2010,9,17,30,39,43,5,7
311,22-01-2010,4,22,27,36,44,7,9
310,15-01-2010,11,26,29,49,50,4,7
309,08-01-2010,4,5,14,44,46,8,9
308,01-01-2010,9,22,24,27,36,5,7
307,25-12-2009,4,5,14,17,34,3,5
306,18-12-2009,14,30,32,35,49,3,8
305,11-12-2009,20,41,43,44,46,2,9
304,04-12-2009,18,19,25,30,44,1,3
303,27-11-2009,5,8,13,15,33,8,9
302,20-11-2009,5,9,28,43,47,2,9
301,13-11-2009,13,15,25,26,32,3,4
300,06-11-2009,11,19,34,43,45,5,9
299,30-10-2009,9,33,35,38,40,2,6
298,23-10-2009,6,18,20,29,31,2,8
297,16-10-2009,12,23,30,31,47,3,4
296,09-10-2009,7,11,29,46,50,4,7
295,02-10-2009,22,23,24,29,44,1,5
294,25-09-2009,6,17,18,21,34,3,9
293,18-09-2009,6,16,30,38,41,2,4
292,11-09-2009,12,15,35,42,43,4,6
291,04-09-2009,6,9,20,38,39,3,9
290,28-08-2009,8,36,37,41,49,5,7
289,21-08-2009,4,7,16,31,42,3,5
288,14-08-2009,5,8,24,30,49,3,9
287,07-08-2009,10,20,22,24,31,2,7
286,31-07-2009,5,9,20,21,26,3,6
285,24-07-2009,14,15,25,35,47,5,9
284,17-07-2009,2,8,17,32,50,3,7
283,10-07-2009,6,16,20,42,46,1,6
282,03-07-2009,21,29,34,46,47,6,8
281,26-06-2009,6,11,21,30,39,2,8
280,19-06-2009,4,16,17,20,29,5,7
279,12-06-2009,6,14,16,34,50,4,6
278,05-06-2009,11,19,26,35,40,2,5
277,29-05-2009,2,5,30,37,47,3,6
276,22-05-2009,4,13,14,33,43,1,6
275,15-05-2009,8,18,19,20,42,5,9
274,08-05-2009,4,23,24,29,31,8,9
273,01-05-2009,5,19,31,38,47,3,5
272,24-04-2009,4,14,21,24,41,5,8
271,17-04-2009,4,7,21,44,47,1,5
270,10-04-2009,9,14,16,37,46,2,4
269,03-04-2009,2,20,24,32,46,1,9
268,27-03-2009,25,33,36,38,42,6,7
267,20-03-2009,12,16,23,31,35,4,6
266,13-03-2009,12,24,26,36,42,1,4
265,06-03-2009,13,17,19,25,35,5,6
264,27-02-2009,5,9,37,44,45,6,9
263,20-02-2009,9,12,13,14,48,1,2
262,13-02-2009,22,33,36,40,42,1,2
261,06-02-2009,10,20,30,36,40,3,5
260,30-01-2009,4,29,34,35,46,5,8
259,23-01-2009,32,33,36,40,49,2,8
258,16-01-2009,3,17,22,49,50,3,6
257,09-01-2009,7,15,22,28,48,1,4
256,02-01-2009,29,30,36,37,48,1,6
255,26-12-2008,1,2,26,44,50,1,7
254,19-12-2008,28,29,40,46,50,5,7
253,12-12-2008,2,19,28,42,49,2,7
252,05-12-2008,4,8,21,35,45,5,8
251,28-11-2008,8,11,16,25,41,2,4
250,21-11-2008,9,14,21,49,50,3,8
249,14-11-2008,8,10,14,21,26,3,4
248,07-11-2008,1,9,12,17,18,3,4
247,31-10-2008,3,18,25,34,41,2,5
246,24-10-2008,7,15,16,17,45,6,9
245,17-10-2008,3,10,12,42,50,1,5
244,10-10-2008,4,15,22,31,41,1,6
243,03-10-2008,4,13,19,23,38,2,3
242,26-09-2008,14,29,31,33,37,1,2
241,19-09-2008,14,16,19,20,31,6,9
240,12-09-2008,19,23,33,37,50,3,7
239,05-09-2008,7,12,16,17,39,3,8
238,29-08-2008,2,20,25,37,39,5,8
237,22-08-2008,7,27,29,39,50,5,7
236,15-08-2008,11,17,18,26,31,5,6
235,08-08-2008,4,5,15,16,45,4,7
234,01-08-2008,1,22,25,40,50,1,8
233,25-07-2008,7,11,15,24,29,2,7
232,18-07-2008,10,14,16,29,44,5,6
231,11-07-2008,9,11,13,19,37,3,4
230,04-07-2008,7,19,22,27,48,5,7
229,27-06-2008,5,20,26,44,50,5,7
228,20-06-2008,8,11,36,37,45,3,5
227,13-06-2008,13,16,37,44,50,1,9
226,06-06-2008,7,19,21,40,50,2,9
225,30-05-2008,5,7,14,20,49,2,8
224,23-05-2008,5,9,19,21,38,1,7
223,16-05-2008,6,9,15,25,38,4,9
222,09-05-2008,8,9,40,42,45,6,7
221,02-05-2008,2,26,37,45,48,4,8
220,25-04-2008,4,19,26,27,30,3,8
219,18-04-2008,3,6,7,27,50,5,9
218,11-04-2008,6,25,30,45,50,5,7
217,04-04-2008,11,13,18,37,47,1,6
216,28-03-2008,5,9,17,29,39,3,6
215,21-03-2008,2,10,18,22,36,4,6
214,14-03-2008,13,21,25,35,48,4,8
213,07-03-2008,2,7,14,17,35,1,6
212,29-02-2008,12,37,40,47,49,2,9
211,22-02-2008,4,27,32,46,50,8,9
210,15-02-2008,12,27,29,45,46,4,7
209,08-02-2008,17,28,30,38,44,1,4
208,01-02-2008,22,30,45,47,49,4,9
207,25-01-2008,2,6,9,19,45,7,8
206,18-01-2008,14,16,23,40,46,4,8
205,11-01-2008,8,24,36,49,50,4,8
204,04-01-2008,10,12,24,25,41,3,5
203,28-12-2007,20,21,22,31,45,7,9
202,21-12-2007,7,9,28,37,44,6,7
201,14-12-2007,8,25,30,36,44,3,4
200,07-12-2007,2,4,32,43,48,1,7
199,30-11-2007,12,19,20,30,38,7,9
198,23-11-2007,2,10,22,29,48,3,9
197,16-11-2007,9,18,23,33,37,1,8
196,09-11-2007,5,14,22,25,36,5,6
195,02-11-2007,3,16,18,19,40,1,2
194,26-10-2007,7,20,38,40,43,1,8
193,19-10-2007,7,18,34,35,40,7,8
192,12-10-2007,21,32,36,46,47,3,4
191,05-10-2007,11,20,27,35,44,2,5
190,28-09-2007,22,30,34,35,44,4,5
189,21-09-2007,1,17,32,35,37,1,8
188,14-09-2007,5,9,11,29,33,7,9
187,07-09-2007,2,3,33,34,42,3,5
186,31-08-2007,6,18,22,23,37,5,6
185,24-08-2007,1,3,16,42,48,2,3
184,17-08-2007,2,3,13,38,42,7,8
183,10-08-2007,23,40,42,43,49,2,6
182,03-08-2007,10,30,33,37,41,1,8
181,27-07-2007,1,4,21,29,41,7,8
180,20-07-2007,10,21,25,26,50,4,9
179,13-07-2007,9,13,15,31,48,3,6
178,06-07-2007,4,5,19,39,41,8,9
177,29-06-2007,8,12,28,33,45,1,3
176,22-06-2007,11,16,17,22,34,5,6
175,15-06-2007,5,7,14,21,40,3,8
174,08-06-2007,1,15,17,25,45,2,8
173,01-06-2007,6,22,37,41,42,6,9
172,25-05-2007,25,26,29,49,50,7,8
171,18-05-2007,26,34,37,39,49,2,6
170,11-05-2007,7,12,26,29,49,2,6
169,04-05-2007,6,17,35,41,45,1,5
168,27-04-2007,7,18,27,36,44,1,2
167,20-04-2007,23,26,32,41,45,3,7
166,13-04-2007,7,20,25,38,41,3,7
165,06-04-2007,15,23,29,41,48,3,6
164,30-03-2007,9,17,19,41,46,1,8
163,23-03-2007,5,13,17,40,43,1,3
162,16-03-2007,4,14,31,45,49,4,9
161,09-03-2007,2,3,25,43,48,6,9
160,02-03-2007,3,16,34,38,48,5,8
159,23-02-2007,2,15,18,20,22,2,5
158,16-02-2007,8,19,20,39,50,6,9
157,09-02-2007,14,16,30,36,46,2,8
156,02-02-2007,14,23,27,30,36,1,6
155,26-01-2007,11,15,23,30,38,4,9
154,19-01-2007,5,13,27,33,42,2,4
153,12-01-2007,8,11,14,19,25,3,5
152,05-01-2007,17,19,29,36,45,5,6
151,29-12-2006,6,9,13,14,35,3,4
150,22-12-2006,9,11,20,38,43,2,3
149,15-12-2006,9,23,35,37,42,3,7
148,08-12-2006,16,17,18,36,47,1,2
147,01-12-2006,4,8,16,37,41,2,5
146,24-11-2006,5,8,17,25,40,1,5
145,17-11-2006,12,22,32,33,36,2,6
144,10-11-2006,14,21,27,30,36,2,3
143,03-11-2006,11,13,24,44,49,3,9
142,27-10-2006,3,4,8,44,50,7,8
141,20-10-2006,10,19,34,45,47,3,6
140,13-10-2006,2,25,32,38,41,3,5
139,06-10-2006,5,11,22,35,38,7,8
138,29-09-2006,1,3,6,18,24,5,8
137,22-09-2006,10,29,30,45,49,3,8
136,15-09-2006,6,10,16,26,49,7,9
135,08-09-2006,1,10,12,32,33,1,8
134,01-09-2006,3,7,25,45,50,6,9
133,25-08-2006,10,28,40,47,48,6,8
132,18-08-2006,12,37,39,40,50,1,2
131,11-08-2006,27,28,31,46,47,2,5
130,04-08-2006,1,14,15,26,32,3,7
129,28-07-2006,3,8,12,29,43,6,7
128,21-07-2006,2,4,9,38,50,6,8
127,14-07-2006,1,7,17,31,36,2,8
126,07-07-2006,7,9,18,35,43,5,7
125,30-06-2006,6,15,16,40,43,1,2
124,23-06-2006,9,21,30,43,44,1,9
123,16-06-2006,1,16,26,30,36,3,9
122,09-06-2006,3,12,15,34,39,4,6
121,02-06-2006,7,8,27,41,48,1,6
120,26-05-2006,2,12,21,41,49,3,7
119,19-05-2006,3,5,25,34,49,5,8
118,12-05-2006,5,20,23,34,50,1,5
117,05-05-2006,4,8,14,16,50,3,9
116,28-04-2006,5,10,17,22,33,5,7
115,21-04-2006,1,20,22,37,46,1,9
114,14-04-2006,16,26,34,35,49,2,6
113,07-04-2006,12,13,29,44,50,4,5
112,31-03-2006,3,20,31,45,50,6,7
111,24-03-2006,17,28,33,35,47,4,9
110,17-03-2006,5,32,44,45,50,1,7
109,10-03-2006,1,21,33,45,49,4,8
108,03-03-2006,3,5,8,10,44,3,5
107,24-02-2006,1,11,18,19,47,3,7
106,17-02-2006,4,23,24,26,38,2,4
105,10-02-2006,5,6,38,48,50,6,7
104,03-02-2006,9,21,30,39,50,1,3
103,27-01-2006,9,15,21,40,49,1,4
102,20-01-2006,12,15,33,44,50,2,6
101,13-01-2006,8,12,19,33,34,1,6
100,06-01-2006,2,6,9,14,26,4,5
99,30-12-2005,8,16,19,43,45,1,4
98,23-12-2005,15,31,36,37,42,1,7
97,16-12-2005,2,3,15,18,32,6,7
96,09-12-2005,11,18,35,38,42,1,5
95,02-12-2005,1,9,20,23,30,4,7
94,25-11-2005,1,6,27,39,47,1,6
93,18-11-2005,17,18,25,34,48,2,3
92,11-11-2005,15,16,36,41,42,3,5
91,04-11-2005,26,36,37,38,42,2,6
90,28-10-2005,14,36,44,47,50,3,5
89,21-10-2005,1,14,19,29,33,1,8
88,14-10-2005,10,11,19,20,23,1,6
87,07-10-2005,2,13,21,26,44,3,9
86,30-09-2005,6,11,47,48,50,1,6
85,23-09-2005,1,26,31,34,47,4,9
84,16-09-2005,12,13,19,21,38,3,9
83,09-09-2005,8,12,19,31,50,6,7
82,02-09-2005,3,4,14,43,50,3,6
81,26-08-2005,9,29,35,40,41,1,6
80,19-08-2005,11,24,29,31,41,1,3
79,12-08-2005,15,23,30,37,40,7,9
78,05-08-2005,2,11,21,22,30,4,6
77,29-07-2005,3,19,26,49,50,4,5
76,22-07-2005,3,14,41,48,49,1,4
75,15-07-2005,1,11,12,23,42,3,6
74,08-07-2005,35,36,42,46,49,2,8
73,01-07-2005,4,5,23,25,28,3,4
72,24-06-2005,6,8,14,15,45,7,8
71,17-06-2005,4,8,10,18,21,1,7
70,10-06-2005,6,7,32,37,47,1,7
69,03-06-2005,3,8,11,17,50,1,5
68,27-05-2005,2,24,31,48,50,4,9
67,20-05-2005,6,7,13,28,47,5,8
66,13-05-2005,12,17,31,32,40,2,9
65,06-05-2005,7,12,21,26,44,6,8
64,29-04-2005,3,9,35,39,42,1,8
63,22-04-2005,3,10,13,24,47,5,9
62,15-04-2005,6,28,31,38,42,3,9
61,08-04-2005,7,11,25,31,50,1,3
60,01-04-2005,25,26,41,44,47,3,7
59,25-03-2005,4,29,33,37,38,6,9
58,18-03-2005,6,23,39,43,48,5,7
57,11-03-2005,8,12,23,40,43,1,4
56,04-03-2005,12,24,32,37,39,7,9
55,25-02-2005,3,27,30,43,44,4,8
54,18-02-2005,20,21,26,32,46,8,9
53,11-02-2005,11,13,25,32,50,4,7
52,04-02-2005,1,8,11,30,40,7,8
51,28-01-2005,7,21,26,43,45,5,7
50,21-01-2005,10,12,14,24,26,5,8
49,14-01-2005,6,11,14,19,29,1,3
48,07-01-2005,3,23,27,47,50,2,3
47,31-12-2004,7,8,24,25,47,8,9
46,24-12-2004,3,4,27,29,37,5,6
45,17-12-2004,15,19,22,46,49,2,9
44,10-12-2004,1,3,13,16,43,2,7
43,03-12-2004,1,11,15,42,49,3,4
42,26-11-2004,1,4,24,34,36,6,8
41,19-11-2004,1,18,29,34,37,2,6
40,12-11-2004,4,11,12,13,32,3,9
39,05-11-2004,6,19,25,42,49,1,7
38,29-10-2004,1,8,32,35,38,4,9
37,22-10-2004,1,9,23,25,40,3,9
36,15-10-2004,14,21,22,37,43,5,8
35,08-10-2004,1,10,12,16,48,2,6
34,01-10-2004,12,20,21,45,48,5,6
33,24-09-2004,21,26,27,44,48,1,7
32,17-09-2004,15,18,29,39,41,5,8
31,10-09-2004,5,25,33,36,38,2,5
30,03-09-2004,8,12,14,15,34,6,7
29,27-08-2004,1,11,22,28,44,1,9
28,20-08-2004,6,9,10,27,35,6,8
27,13-08-2004,20,27,41,43,50,5,8
26,06-08-2004,5,15,24,35,44,5,6
25,30-07-2004,9,10,19,37,50,1,6
24,23-07-2004,7,10,27,31,34,3,8
23,16-07-2004,24,26,31,38,50,5,8
22,09-07-2004,2,5,12,19,44,8,9
21,02-07-2004,4,23,24,28,34,1,3
20,25-06-2004,3,21,30,34,35,1,2
19,18-06-2004,2,23,28,40,43,2,6
18,11-06-2004,2,7,8,10,47,1,7
17,04-06-2004,9,13,34,41,42,3,7
16,28-05-2004,6,11,35,41,44,5,6
15,21-05-2004,15,29,37,39,49,4,9
14,14-05-2004,1,3,21,32,39,2,6
13,07-05-2004,15,16,21,36,38,1,5
12,30-04-2004,5,6,16,23,27,6,7
11,23-04-2004,6,10,21,45,49,3,5
10,16-04-2004,14,15,28,35,40,1,3
9,09-04-2004,1,4,10,19,23,2,8
8,02-04-2004,4,12,24,27,36,2,9
7,26-03-2004,3,4,10,23,43,2,4
6,19-03-2004,33,36,37,42,45,4,9
5,12-03-2004,15,24,28,44,47,4,5
4,05-03-2004,4,7,33,37,39,1,5
3,27-02-2004,14,18,19,31,37,4,5
2,20-02-2004,7,13,39,47,50,2,5
1,13-02-2004,16,29,32,36,41,7,9
