2690,32,35,36,51,37,40,02-Oct-2021
2689,17,52,45,15,27,40,29-Sep-2021
2688,31,13,56,36,15,32,25-Sep-2021
2687,21,40,44,13,52,33,22-Sep-2021
2686,53,32,44,45,52,19,18-Sep-2021
2685,25,20,24,37,34,27,15-Sep-2021
2684,13,52,2,54,42,38,11-Sep-2021
2683,13,56,3,14,4,38,08-Sep-2021
2682,21,14,39,41,36,1,04-Sep-2021
2681,19,28,3,41,33,43,01-Sep-2021
2680,24,50,18,34,49,57,28-Aug-2021
2679,15,30,39,52,59,7,25-Aug-2021
2678,27,35,18,28,17,57,21-Aug-2021
2677,10,4,48,50,27,30,18-Aug-2021
2676,19,1,39,15,2,43,14-Aug-2021
2675,46,36,39,32,37,13,11-Aug-2021
2674,10,15,41,51,22,57,07-Aug-2021
2673,16,27,3,46,34,36,04-Aug-2021
2672,43,11,13,19,12,58,31-Jul-2021
2671,34,44,23,26,59,36,28-Jul-2021
2670,7,6,37,34,28,17,24-Jul-2021
2669,20,5,37,17,51,45,21-Jul-2021
2668,35,48,56,33,3,25,17-Jul-2021
2667,12,35,41,36,29,27,14-Jul-2021
2666,33,47,9,54,22,19,10-Jul-2021
2665,40,3,52,2,7,20,07-Jul-2021
2664,1,31,47,29,12,27,03-Jul-2021
2663,41,34,38,12,40,27,30-Jun-2021
2662,24,37,53,41,39,14,26-Jun-2021
2661,14,53,50,15,33,4,23-Jun-2021
2660,38,12,18,21,54,44,19-Jun-2021
2659,48,22,36,28,6,53,16-Jun-2021
2658,11,36,27,16,52,9,12-Jun-2021
2657,24,15,43,49,9,34,09-Jun-2021
2656,3,6,57,39,46,33,05-Jun-2021
2655,15,17,53,59,33,1,02-Jun-2021
2654,10,55,46,36,1,16,29-May-2021
2653,33,51,49,36,28,45,26-May-2021
2652,9,20,41,46,43,48,22-May-2021
2651,57,50,58,36,53,18,19-May-2021
2650,57,32,27,19,39,6,15-May-2021
2649,17,40,51,23,52,10,12-May-2021
2648,46,31,12,23,10,37,08-May-2021
2647,56,27,40,55,8,34,05-May-2021
2646,7,40,31,34,32,10,01-May-2021
2645,59,4,48,1,57,27,28-Apr-2021
2644,29,16,38,32,30,24,24-Apr-2021
2643,39,4,34,32,6,14,21-Apr-2021
2642,18,7,23,57,8,21,17-Apr-2021
2641,48,57,12,20,6,52,14-Apr-2021
2640,50,20,26,48,49,25,10-Apr-2021
2639,51,40,57,12,38,58,07-Apr-2021
2638,40,32,45,8,2,28,03-Apr-2021
2637,6,58,4,49,56,13,31-Mar-2021
2636,18,22,26,49,5,3,27-Mar-2021
2635,23,50,40,2,3,27,24-Mar-2021
2634,12,36,24,34,51,15,20-Mar-2021
2633,28,26,36,58,16,7,17-Mar-2021
2632,8,29,6,17,11,44,13-Mar-2021
2631,26,42,21,5,1,9,10-Mar-2021
2630,47,29,16,17,52,56,06-Mar-2021
2629,2,54,40,23,3,8,03-Mar-2021
2628,4,49,45,33,39,36,27-Feb-2021
2627,1,34,17,9,18,16,24-Feb-2021
2626,36,3,18,56,24,16,20-Feb-2021
2625,39,6,8,26,5,20,17-Feb-2021
2624,42,50,37,44,16,15,13-Feb-2021
2623,29,1,33,15,49,42,10-Feb-2021
2622,27,32,46,28,39,52,06-Feb-2021
2621,17,9,21,4,46,26,03-Feb-2021
2620,36,51,4,28,31,55,30-Jan-2021
2619,34,45,35,30,50,22,27-Jan-2021
2618,1,52,49,6,45,25,23-Jan-2021
2617,13,5,7,57,25,3,20-Jan-2021
2616,48,38,45,3,53,15,16-Jan-2021
2615,1,42,8,18,16,12,13-Jan-2021
2614,9,38,21,30,23,35,09-Jan-2021
2613,54,36,2,8,51,52,06-Jan-2021
2612,36,9,39,6,8,57,02-Jan-2021
2611,17,21,11,49,37,24,30-Dec-2020
2610,43,44,55,52,26,46,26-Dec-2020
2609,48,51,42,20,54,52,23-Dec-2020
2608,4,28,21,10,27,14,19-Dec-2020
2607,43,38,28,36,2,30,16-Dec-2020
2606,13,49,38,39,53,56,12-Dec-2020
2605,7,28,14,8,10,33,09-Dec-2020
2604,52,59,51,47,13,38,05-Dec-2020
2603,38,22,39,26,16,47,02-Dec-2020
2602,35,9,46,45,57,27,28-Nov-2020
2601,30,18,11,55,44,33,25-Nov-2020
2600,37,23,54,32,57,49,21-Nov-2020
2599,54,28,27,41,26,18,18-Nov-2020
2598,25,37,56,50,39,44,14-Nov-2020
2597,49,50,36,46,6,59,11-Nov-2020
2596,3,56,52,33,50,45,07-Nov-2020
2595,10,32,50,28,35,20,04-Nov-2020
2594,16,59,1,6,34,49,31-Oct-2020
2593,18,38,59,27,47,11,28-Oct-2020
2592,53,18,47,13,19,57,24-Oct-2020
2591,28,12,27,29,9,44,21-Oct-2020
2590,38,41,26,51,32,49,17-Oct-2020
2589,28,31,46,12,50,9,14-Oct-2020
2588,21,45,36,11,56,49,10-Oct-2020
2587,37,52,58,12,18,56,07-Oct-2020
2586,4,24,1,27,13,47,03-Oct-2020
2585,46,25,10,41,34,55,30-Sep-2020
2584,55,54,1,38,19,35,26-Sep-2020
2583,35,28,8,47,51,17,23-Sep-2020
2582,52,9,13,39,49,53,19-Sep-2020
2581,47,20,16,33,29,49,16-Sep-2020
2580,52,37,23,42,5,36,12-Sep-2020
2579,56,48,50,13,33,11,09-Sep-2020
2578,47,38,3,28,11,36,05-Sep-2020
2577,11,58,54,45,55,15,02-Sep-2020
2576,5,57,10,21,47,51,29-Aug-2020
2575,24,39,31,4,27,8,26-Aug-2020
2574,37,51,24,28,23,19,22-Aug-2020
2573,45,22,32,36,21,50,19-Aug-2020
2572,16,10,22,14,25,34,15-Aug-2020
2571,6,37,27,8,31,51,12-Aug-2020
2570,58,49,40,56,53,2,08-Aug-2020
2569,28,42,51,58,1,43,05-Aug-2020
2568,53,13,24,10,56,4,01-Aug-2020
2567,1,39,24,49,52,46,29-Jul-2020
2566,14,18,10,13,34,33,25-Jul-2020
2565,7,45,23,37,2,11,22-Jul-2020
2564,20,1,32,42,33,24,18-Jul-2020
2563,37,44,9,29,53,27,15-Jul-2020
2562,9,17,14,32,58,10,11-Jul-2020
2561,59,31,5,22,18,50,08-Jul-2020
2560,48,52,34,57,32,33,04-Jul-2020
2559,55,24,29,8,27,1,01-Jul-2020
2558,15,2,37,43,33,19,27-Jun-2020
2557,57,1,8,50,33,52,24-Jun-2020
2556,48,30,26,40,7,21,20-Jun-2020
2555,54,48,33,9,39,2,17-Jun-2020
2554,51,19,35,21,12,10,13-Jun-2020
2553,51,55,57,50,20,26,10-Jun-2020
2552,12,40,17,35,6,3,06-Jun-2020
2551,2,5,11,14,33,1,03-Jun-2020
2550,6,8,32,2,33,35,30-May-2020
2549,7,23,4,34,19,38,27-May-2020
2548,59,42,45,37,38,15,23-May-2020
2547,26,24,37,40,57,7,20-May-2020
2546,44,48,20,52,21,4,16-May-2020
2545,31,14,47,38,16,19,13-May-2020
2544,18,7,21,42,50,26,09-May-2020
2543,49,51,29,32,48,23,06-May-2020
2542,39,18,14,44,23,52,02-May-2020
2541,40,36,16,17,32,47,29-Apr-2020
2540,21,9,25,3,28,59,25-Apr-2020
2539,50,8,3,47,18,59,22-Apr-2020
2538,6,43,46,3,31,53,18-Apr-2020
2537,38,57,54,43,25,37,15-Apr-2020
2536,44,20,55,31,28,30,11-Apr-2020
2535,41,4,1,20,19,45,08-Apr-2020
2534,22,39,45,49,28,4,04-Apr-2020
2533,17,16,4,52,27,22,01-Apr-2020
2532,8,49,14,46,27,33,28-Mar-2020
2531,11,25,39,24,57,53,25-Mar-2020
2530,34,58,26,56,12,29,21-Mar-2020
2529,27,11,19,3,7,52,18-Mar-2020
2528,38,7,47,30,42,22,14-Mar-2020
2527,45,46,52,39,10,54,11-Mar-2020
2526,35,5,29,44,36,40,07-Mar-2020
2525,56,4,7,19,50,14,04-Mar-2020
2524,25,34,58,32,55,52,29-Feb-2020
2523,27,19,57,20,52,49,26-Feb-2020
2522,27,21,36,47,23,25,22-Feb-2020
2521,7,27,18,48,28,21,19-Feb-2020
2520,33,11,10,45,54,41,15-Feb-2020
2519,54,51,3,2,5,27,12-Feb-2020
2518,59,35,8,42,43,54,08-Feb-2020
2517,31,20,42,43,48,39,05-Feb-2020
2516,44,58,47,7,42,59,01-Feb-2020
2515,40,23,59,7,47,42,29-Jan-2020
2514,30,54,33,39,55,18,25-Jan-2020
2513,30,23,19,25,36,29,22-Jan-2020
2512,41,14,42,35,55,29,18-Jan-2020
2511,50,15,54,55,52,25,15-Jan-2020
2510,51,46,57,27,28,55,11-Jan-2020
2509,23,59,50,42,2,47,08-Jan-2020
2508,34,13,3,51,50,14,04-Jan-2020
2507,20,50,13,38,30,55,01-Jan-2020
2506,55,41,2,12,1,23,28-Dec-2019
2505,11,54,10,58,45,5,25-Dec-2019
2504,12,45,36,42,33,27,21-Dec-2019
2503,56,44,50,36,15,13,18-Dec-2019
2502,21,2,44,32,23,49,14-Dec-2019
2501,35,47,14,16,33,7,11-Dec-2019
2500,57,6,34,20,35,27,07-Dec-2019
2499,25,31,13,28,9,21,04-Dec-2019
2498,36,8,24,16,40,57,30-Nov-2019
2497,7,39,48,55,22,16,27-Nov-2019
2496,38,25,47,28,58,23,23-Nov-2019
2495,49,47,17,52,8,31,20-Nov-2019
2494,2,51,59,25,10,56,16-Nov-2019
2493,55,9,2,7,1,44,13-Nov-2019
2492,51,46,16,58,11,2,09-Nov-2019
2491,17,27,22,25,32,35,06-Nov-2019
2490,56,28,13,16,34,41,02-Nov-2019
2489,56,2,41,51,19,8,30-Oct-2019
2488,56,26,23,59,16,38,26-Oct-2019
2487,29,5,58,53,30,39,23-Oct-2019
2486,31,33,52,15,17,8,19-Oct-2019
2485,29,18,47,5,4,40,16-Oct-2019
2484,30,27,40,36,42,23,12-Oct-2019
2483,44,14,22,55,58,40,09-Oct-2019
2482,32,8,4,12,34,13,05-Oct-2019
2481,37,47,20,42,13,15,02-Oct-2019
2480,19,2,42,29,23,21,28-Sep-2019
2479,4,3,16,39,43,52,25-Sep-2019
2478,34,33,18,41,23,32,21-Sep-2019
2477,1,39,57,28,34,25,18-Sep-2019
2476,26,14,10,19,6,43,14-Sep-2019
2475,35,38,9,4,26,53,11-Sep-2019
2474,27,13,37,3,32,30,07-Sep-2019
2473,45,40,49,11,13,32,04-Sep-2019
2472,10,16,41,58,5,26,31-Aug-2019
2471,57,41,1,49,40,52,28-Aug-2019
2470,46,39,55,45,36,27,24-Aug-2019
2469,51,53,26,14,58,11,21-Aug-2019
2468,10,41,58,6,46,9,17-Aug-2019
2467,24,28,16,53,30,14,14-Aug-2019
2466,8,5,17,23,9,29,10-Aug-2019
2465,11,7,58,44,36,52,07-Aug-2019
2464,44,8,45,30,34,57,03-Aug-2019
2463,18,20,43,9,42,46,31-Jul-2019
2462,19,45,48,30,14,58,27-Jul-2019
2461,37,28,17,2,4,45,24-Jul-2019
2460,36,14,28,37,23,18,20-Jul-2019
2459,45,5,8,41,40,43,17-Jul-2019
2458,32,35,18,58,29,25,13-Jul-2019
2457,10,54,4,17,11,53,10-Jul-2019
2456,44,24,56,57,30,50,06-Jul-2019
2455,29,38,52,27,20,10,03-Jul-2019
2454,44,32,11,43,47,52,29-Jun-2019
2453,5,24,32,7,9,44,26-Jun-2019
2452,6,44,32,9,17,57,22-Jun-2019
2451,31,22,39,47,26,55,19-Jun-2019
2450,42,7,54,52,40,47,15-Jun-2019
2449,36,16,6,37,53,34,12-Jun-2019
2448,12,55,42,13,37,22,08-Jun-2019
2447,33,32,56,20,23,11,05-Jun-2019
2446,26,36,47,8,40,39,01-Jun-2019
2445,46,27,32,53,3,15,29-May-2019
2444,35,26,54,5,9,43,25-May-2019
2443,37,7,31,27,36,50,22-May-2019
2442,26,54,23,7,31,22,18-May-2019
2441,18,11,50,39,44,8,15-May-2019
2440,45,13,55,49,19,14,11-May-2019
2439,19,56,35,16,31,45,08-May-2019
2438,55,17,39,40,16,35,04-May-2019
2437,10,29,12,35,57,23,01-May-2019
2436,1,26,7,34,52,53,27-Apr-2019
2435,51,22,41,35,43,29,24-Apr-2019
2434,54,17,34,11,7,8,20-Apr-2019
2433,8,51,23,43,28,42,17-Apr-2019
2432,4,10,38,24,37,15,13-Apr-2019
2431,42,22,36,49,20,48,10-Apr-2019
2430,36,43,22,33,8,5,06-Apr-2019
2429,9,26,5,35,52,17,03-Apr-2019
2428,35,45,27,3,55,54,30-Mar-2019
2427,25,39,35,18,50,13,27-Mar-2019
2426,59,50,26,52,6,30,23-Mar-2019
2425,58,35,53,56,2,19,20-Mar-2019
2424,59,37,6,42,32,26,16-Mar-2019
2423,29,48,46,40,1,11,13-Mar-2019
2422,46,22,35,27,40,52,09-Mar-2019
2421,2,12,46,53,43,15,06-Mar-2019
2420,4,8,16,19,45,33,02-Mar-2019
2419,51,54,19,31,20,22,27-Feb-2019
2418,42,48,40,38,9,6,23-Feb-2019
2417,33,3,17,11,41,51,20-Feb-2019
2416,51,15,18,43,11,46,16-Feb-2019
2415,42,45,26,31,4,8,13-Feb-2019
2414,36,27,31,47,25,38,09-Feb-2019
2413,44,53,3,16,24,41,06-Feb-2019
2412,59,1,55,53,6,41,02-Feb-2019
2411,58,47,7,43,22,31,30-Jan-2019
2410,42,47,29,56,40,51,26-Jan-2019
2409,58,41,5,45,30,27,23-Jan-2019
2408,11,52,22,17,31,15,19-Jan-2019
2407,54,44,48,12,55,1,16-Jan-2019
2406,13,49,55,43,32,29,12-Jan-2019
2405,57,36,51,17,3,42,09-Jan-2019
2404,28,32,18,25,47,27,05-Jan-2019
2403,8,40,53,35,10,9,02-Jan-2019
2402,40,57,45,26,31,38,29-Dec-2018
2401,7,14,58,45,54,35,26-Dec-2018
2400,32,24,15,4,17,56,22-Dec-2018
2399,12,33,56,34,24,39,19-Dec-2018
2398,43,34,5,35,26,49,15-Dec-2018
2397,51,46,59,31,3,22,12-Dec-2018
2396,36,6,48,38,23,43,08-Dec-2018
2395,1,13,45,56,6,23,05-Dec-2018
2394,49,5,8,9,12,31,01-Dec-2018
2393,39,52,45,46,48,36,28-Nov-2018
2392,32,43,30,42,27,15,24-Nov-2018
2391,46,53,24,35,31,42,21-Nov-2018
2390,12,4,5,9,42,17,17-Nov-2018
2389,4,11,20,48,53,45,14-Nov-2018
2388,7,38,17,12,44,42,10-Nov-2018
2387,46,4,59,9,5,40,07-Nov-2018
2386,45,16,52,47,41,31,03-Nov-2018
2385,28,24,20,45,5,14,31-Oct-2018
2384,26,39,31,6,1,25,27-Oct-2018
2383,9,40,22,32,59,51,24-Oct-2018
2382,46,12,59,40,18,42,20-Oct-2018
2381,5,20,51,1,6,54,17-Oct-2018
2380,58,52,40,19,26,56,13-Oct-2018
2379,54,10,56,50,49,53,10-Oct-2018
2378,37,32,39,30,23,26,06-Oct-2018
2377,45,25,3,11,5,27,03-Oct-2018
2376,17,58,44,54,36,40,29-Sep-2018
2375,3,8,37,39,59,47,26-Sep-2018
2374,16,20,18,55,5,25,22-Sep-2018
2373,40,20,34,7,26,25,19-Sep-2018
2372,25,55,48,58,42,50,15-Sep-2018
2371,13,56,54,12,14,11,12-Sep-2018
2370,34,53,7,52,19,33,08-Sep-2018
2369,48,23,59,22,18,12,05-Sep-2018
2368,38,3,55,22,21,46,01-Sep-2018
2367,23,54,19,51,30,50,29-Aug-2018
2366,33,56,9,39,41,22,25-Aug-2018
2365,47,25,34,21,15,20,22-Aug-2018
2364,55,6,12,1,13,2,18-Aug-2018
2363,28,58,3,48,34,41,15-Aug-2018
2362,37,19,18,1,10,3,11-Aug-2018
2361,19,20,31,34,8,27,08-Aug-2018
2360,5,17,23,34,51,25,04-Aug-2018
2359,46,54,34,17,18,15,01-Aug-2018
2358,45,11,29,38,31,32,28-Jul-2018
2357,5,30,23,20,43,19,25-Jul-2018
2356,25,46,13,16,9,40,21-Jul-2018
2355,53,34,49,22,51,44,18-Jul-2018
2354,26,4,41,55,13,8,14-Jul-2018
2353,33,25,17,46,11,8,11-Jul-2018
2352,48,18,17,54,29,52,07-Jul-2018
2351,52,8,13,46,22,58,04-Jul-2018
2350,28,46,45,49,32,6,30-Jun-2018
2349,45,41,57,58,54,4,27-Jun-2018
2348,25,31,15,1,10,47,23-Jun-2018
2347,43,22,15,35,26,41,20-Jun-2018
2346,41,10,37,36,46,18,16-Jun-2018
2345,38,45,33,22,5,15,13-Jun-2018
2344,17,58,55,20,3,56,09-Jun-2018
2343,22,35,58,42,12,31,06-Jun-2018
2342,58,4,43,32,51,38,02-Jun-2018
2341,32,8,4,5,26,39,30-May-2018
2340,40,14,19,29,9,39,26-May-2018
2339,45,1,17,32,36,15,23-May-2018
2338,48,52,1,34,36,3,19-May-2018
2337,22,48,54,32,4,26,16-May-2018
2336,35,1,30,21,15,44,12-May-2018
2335,18,25,59,30,56,21,09-May-2018
2334,2,9,52,56,14,49,05-May-2018
2333,48,4,26,10,8,38,02-May-2018
2332,38,43,11,44,3,37,28-Apr-2018
2331,41,18,50,14,40,5,25-Apr-2018
2330,57,12,9,8,20,2,21-Apr-2018
2329,59,39,41,4,21,11,18-Apr-2018
2328,10,42,46,48,40,47,14-Apr-2018
2327,52,56,21,59,32,25,11-Apr-2018
2326,31,1,33,55,52,4,07-Apr-2018
2325,26,43,38,1,15,9,04-Apr-2018
2324,8,26,20,35,36,6,31-Mar-2018
2323,7,52,54,6,15,2,28-Mar-2018
2322,59,43,36,11,3,16,24-Mar-2018
2321,54,55,2,44,35,51,21-Mar-2018
2320,13,8,7,45,24,46,17-Mar-2018
2319,47,19,45,38,7,53,14-Mar-2018
2318,53,36,59,3,7,42,10-Mar-2018
2317,57,55,10,8,22,37,07-Mar-2018
2316,15,50,19,29,42,20,03-Mar-2018
2315,33,9,30,27,10,45,28-Feb-2018
2314,35,48,2,40,11,55,24-Feb-2018
2313,53,35,25,29,30,14,21-Feb-2018
2312,5,8,53,38,9,10,17-Feb-2018
2311,33,48,2,46,8,50,14-Feb-2018
2310,51,3,12,58,29,15,10-Feb-2018
2309,19,29,40,5,45,34,07-Feb-2018
2308,29,26,49,8,58,27,03-Feb-2018
2307,19,21,5,44,42,57,31-Jan-2018
2306,33,43,49,29,56,45,27-Jan-2018
2305,59,48,44,22,39,1,24-Jan-2018
2304,31,28,2,29,10,19,20-Jan-2018
2303,56,30,55,33,43,37,17-Jan-2018
2302,18,46,7,6,9,35,13-Jan-2018
2301,11,55,29,27,40,6,10-Jan-2018
2300,18,31,32,28,44,51,06-Jan-2018
2299,30,20,11,19,49,35,03-Jan-2018
2298,42,58,55,37,47,33,30-Dec-2017
2297,57,18,58,59,48,36,27-Dec-2017
2296,56,44,36,47,32,20,23-Dec-2017
2295,28,46,41,20,38,10,20-Dec-2017
2294,25,35,45,57,22,46,16-Dec-2017
2293,6,23,58,14,43,24,13-Dec-2017
2292,46,54,39,32,37,2,09-Dec-2017
2291,50,24,52,19,31,3,06-Dec-2017
2290,9,50,13,32,4,46,02-Dec-2017
2289,58,43,20,32,53,42,29-Nov-2017
2288,4,45,56,54,7,29,25-Nov-2017
2287,27,17,36,37,16,2,22-Nov-2017
2286,36,58,54,1,24,20,18-Nov-2017
2335,18,25,59,30,56,21,09-May-2018
2334,2,9,52,56,14,49,05-May-2018
2333,48,4,26,10,8,38,02-May-2018
2332,38,43,11,44,3,37,28-Apr-2018
2331,41,18,50,14,40,5,25-Apr-2018
2330,57,12,9,8,20,2,21-Apr-2018
2329,59,39,41,4,21,11,18-Apr-2018
2328,10,42,46,48,40,47,14-Apr-2018
2327,52,56,21,59,32,25,11-Apr-2018
2326,31,1,33,55,52,4,07-Apr-2018
2325,26,43,38,1,15,9,04-Apr-2018
2324,8,26,20,35,36,6,31-Mar-2018
2323,7,52,54,6,15,2,28-Mar-2018
2322,59,43,36,11,3,16,24-Mar-2018
2321,54,55,2,44,35,51,21-Mar-2018
2320,13,8,7,45,24,46,17-Mar-2018
2319,47,19,45,38,7,53,14-Mar-2018
2318,53,36,59,3,7,42,10-Mar-2018
2317,57,55,10,8,22,37,07-Mar-2018
2316,15,50,19,29,42,20,03-Mar-2018
2315,33,9,30,27,10,45,28-Feb-2018
2314,35,48,2,40,11,55,24-Feb-2018
2313,53,35,25,29,30,14,21-Feb-2018
2312,5,8,53,38,9,10,17-Feb-2018
2311,33,48,2,46,8,50,14-Feb-2018
2310,51,3,12,58,29,15,10-Feb-2018
2309,19,29,40,5,45,34,07-Feb-2018
2308,29,26,49,8,58,27,03-Feb-2018
2307,19,21,5,44,42,57,31-Jan-2018
2306,33,43,49,29,56,45,27-Jan-2018
2305,59,48,44,22,39,1,24-Jan-2018
2304,31,28,2,29,10,19,20-Jan-2018
2303,56,30,55,33,43,37,17-Jan-2018
2302,18,46,7,6,9,35,13-Jan-2018
2301,11,55,29,27,40,6,10-Jan-2018
2300,18,31,32,28,44,51,06-Jan-2018
2299,30,20,11,19,49,35,03-Jan-2018
2298,42,58,55,37,47,33,30-Dec-2017
2297,57,18,58,59,48,36,27-Dec-2017
2296,56,44,36,47,32,20,23-Dec-2017
2295,28,46,41,20,38,10,20-Dec-2017
2294,25,35,45,57,22,46,16-Dec-2017
2293,6,23,58,14,43,24,13-Dec-2017
2292,46,54,39,32,37,2,09-Dec-2017
2291,50,24,52,19,31,3,06-Dec-2017
2290,9,50,13,32,4,46,02-Dec-2017
2289,58,43,20,32,53,42,29-Nov-2017
2288,4,45,56,54,7,29,25-Nov-2017
2287,27,17,36,37,16,2,22-Nov-2017
2286,36,58,54,1,24,20,18-Nov-2017
2285,22,11,36,2,59,51,15-Nov-2017
2335,18,25,59,30,56,21,09-May-2018
2334,2,9,52,56,14,49,05-May-2018
2333,48,4,26,10,8,38,02-May-2018
2332,38,43,11,44,3,37,28-Apr-2018
2331,41,18,50,14,40,5,25-Apr-2018
2330,57,12,9,8,20,2,21-Apr-2018
2329,59,39,41,4,21,11,18-Apr-2018
2328,10,42,46,48,40,47,14-Apr-2018
2327,52,56,21,59,32,25,11-Apr-2018
2326,31,1,33,55,52,4,07-Apr-2018
2325,26,43,38,1,15,9,04-Apr-2018
2324,8,26,20,35,36,6,31-Mar-2018
2323,7,52,54,6,15,2,28-Mar-2018
2322,59,43,36,11,3,16,24-Mar-2018
2321,54,55,2,44,35,51,21-Mar-2018
2320,13,8,7,45,24,46,17-Mar-2018
2319,47,19,45,38,7,53,14-Mar-2018
2318,53,36,59,3,7,42,10-Mar-2018
2317,57,55,10,8,22,37,07-Mar-2018
2316,15,50,19,29,42,20,03-Mar-2018
2315,33,9,30,27,10,45,28-Feb-2018
2314,35,48,2,40,11,55,24-Feb-2018
2313,53,35,25,29,30,14,21-Feb-2018
2312,5,8,53,38,9,10,17-Feb-2018
2311,33,48,2,46,8,50,14-Feb-2018
2310,51,3,12,58,29,15,10-Feb-2018
2309,19,29,40,5,45,34,07-Feb-2018
2308,29,26,49,8,58,27,03-Feb-2018
2307,19,21,5,44,42,57,31-Jan-2018
2306,33,43,49,29,56,45,27-Jan-2018
2305,59,48,44,22,39,1,24-Jan-2018
2304,31,28,2,29,10,19,20-Jan-2018
2303,56,30,55,33,43,37,17-Jan-2018
2302,18,46,7,6,9,35,13-Jan-2018
2301,11,55,29,27,40,6,10-Jan-2018
2300,18,31,32,28,44,51,06-Jan-2018
2299,30,20,11,19,49,35,03-Jan-2018
2298,42,58,55,37,47,33,30-Dec-2017
2297,57,18,58,59,48,36,27-Dec-2017
2296,56,44,36,47,32,20,23-Dec-2017
2295,28,46,41,20,38,10,20-Dec-2017
2294,25,35,45,57,22,46,16-Dec-2017
2293,6,23,58,14,43,24,13-Dec-2017
2292,46,54,39,32,37,2,09-Dec-2017
2291,50,24,52,19,31,3,06-Dec-2017
2290,9,50,13,32,4,46,02-Dec-2017
2289,58,43,20,32,53,42,29-Nov-2017
2288,4,45,56,54,7,29,25-Nov-2017
2287,27,17,36,37,16,2,22-Nov-2017
2286,36,58,54,1,24,20,18-Nov-2017
2285,22,11,36,2,59,51,15-Nov-2017
2325,1,9,15,26,38,43,04-Apr-2018
2324,6,8,20,26,35,36,31-Mar-2018
2323,2,6,7,15,52,54,28-Mar-2018
2322,3,11,16,36,43,59,24-Mar-2018
2321,2,35,44,51,54,55,21-Mar-2018
2320,7,8,13,24,45,46,17-Mar-2018
2319,7,19,38,45,47,53,14-Mar-2018
2318,3,7,36,42,53,59,10-Mar-2018
2317,8,10,22,37,55,57,07-Mar-2018
2316,15,19,20,29,42,50,03-Mar-2018
2315,9,10,27,30,33,45,28-Feb-2018
2314,2,11,35,40,48,55,24-Feb-2018
2313,14,25,29,30,35,53,21-Feb-2018
2312,5,8,9,10,38,53,17-Feb-2018
2311,2,8,33,46,48,50,14-Feb-2018
2310,3,12,15,29,51,58,10-Feb-2018
2309,5,19,29,34,40,45,07-Feb-2018
2308,8,26,27,29,49,58,03-Feb-2018
2307,5,19,21,42,44,57,31-Jan-2018
2306,29,33,43,45,49,56,27-Jan-2018
2305,1,22,39,44,48,59,24-Jan-2018
2304,2,10,19,28,29,31,20-Jan-2018
2303,30,33,37,43,55,56,17-Jan-2018
2302,6,7,9,18,35,46,13-Jan-2018
2301,6,11,27,29,40,55,10-Jan-2018
2300,18,28,31,32,44,51,06-Jan-2018
2299,11,19,20,30,35,49,03-Jan-2018
2298,33,37,42,47,55,58,30-Dec-2017
2297,18,36,48,57,58,59,27-Dec-2017
2296,20,32,36,44,47,56,23-Dec-2017
2295,10,20,28,38,41,46,20-Dec-2017
2294,22,25,35,45,46,57,16-Dec-2017
2293,6,14,23,24,43,58,13-Dec-2017
2292,2,32,37,39,46,54,09-Dec-2017
2291,3,19,24,31,50,52,06-Dec-2017
2290,4,9,13,32,46,50,02-Dec-2017
2289,20,32,42,43,53,58,29-Nov-2017
2288,4,7,29,45,54,56,25-Nov-2017
2287,2,16,17,27,36,37,22-Nov-2017
2286,1,20,24,36,54,58,18-Nov-2017
2285,2,11,22,36,51,59,15-Nov-2017
2284,4,16,27,30,41,49,11-Nov-2017
2283,2,17,25,32,42,49,08-Nov-2017
2282,6,20,23,29,35,53,04-Nov-2017
2281,13,14,18,19,21,36,01-Nov-2017
2280,8,15,33,42,55,58,28-Oct-2017
2279,1,3,11,37,49,58,25-Oct-2017
2278,3,31,37,41,44,59,21-Oct-2017
2277,11,12,15,22,27,44,18-Oct-2017
2276,6,22,40,43,47,58,14-Oct-2017
2275,17,38,49,54,55,56,11-Oct-2017
2274,15,20,30,37,47,51,07-Oct-2017
2273,12,20,32,38,48,54,04-Oct-2017
2272,13,18,21,30,50,54,30-Sep-2017
2271,30,35,45,47,52,55,27-Sep-2017
2270,17,18,26,39,54,56,23-Sep-2017
2269,8,20,25,50,51,58,20-Sep-2017
2268,1,6,31,37,49,50,16-Sep-2017
2267,4,11,14,21,29,56,13-Sep-2017
2266,4,7,13,49,56,58,09-Sep-2017
2265,16,30,34,50,52,53,06-Sep-2017
2264,30,33,35,40,41,59,02-Sep-2017
2263,34,42,46,57,58,59,30-Aug-2017
2262,20,25,34,41,42,52,26-Aug-2017
2261,8,16,21,41,44,56,23-Aug-2017
2260,12,25,39,46,52,55,19-Aug-2017
2259,7,17,28,43,44,45,16-Aug-2017
2258,10,27,49,52,55,56,12-Aug-2017
2257,5,9,25,34,51,59,09-Aug-2017
2256,14,24,30,45,49,56,05-Aug-2017
2255,4,6,24,35,45,52,02-Aug-2017
2254,1,26,41,55,56,59,29-Jul-2017
2253,5,10,29,35,55,56,26-Jul-2017
2252,5,13,21,35,41,47,22-Jul-2017
2251,2,6,14,16,25,36,19-Jul-2017
2250,7,8,14,47,56,58,15-Jul-2017
2249,7,14,19,38,40,45,12-Jul-2017
2248,1,11,18,27,32,50,08-Jul-2017
2247,16,18,25,27,29,57,05-Jul-2017
2246,2,19,36,52,54,59,01-Jul-2017
2245,2,10,21,23,54,56,28-Jun-2017
2244,4,16,26,39,42,54,24-Jun-2017
2243,1,3,5,11,15,43,21-Jun-2017
2242,1,11,16,20,24,44,17-Jun-2017
2241,2,4,14,23,34,46,14-Jun-2017
2240,10,18,28,35,36,50,10-Jun-2017
2239,6,8,12,36,37,41,07-Jun-2017
2238,12,19,21,38,47,51,03-Jun-2017
2237,18,23,28,52,56,59,31-May-2017
2236,20,22,31,39,41,54,27-May-2017
2235,3,30,44,45,55,59,24-May-2017
2234,7,8,13,29,43,53,20-May-2017
2233,3,19,20,24,30,38,17-May-2017
2232,7,14,15,21,23,57,13-May-2017
2231,7,12,17,35,37,58,10-May-2017
2230,5,34,36,38,39,48,06-May-2017
2229,13,22,24,34,41,57,03-May-2017
2228,24,29,30,36,46,48,29-Apr-2017
2227,12,15,30,43,47,59,26-Apr-2017
2226,4,6,34,37,42,52,22-Apr-2017
2225,4,27,47,54,55,59,19-Apr-2017
2224,8,10,16,19,23,31,15-Apr-2017
2223,3,16,34,42,49,52,12-Apr-2017
2222,14,23,36,45,47,50,08-Apr-2017
2221,10,16,18,32,42,45,05-Apr-2017
2220,1,2,11,23,25,54,01-Apr-2017
2219,5,6,16,32,42,51,29-Mar-2017
2218,39,48,52,53,54,58,25-Mar-2017
2217,6,11,12,19,27,31,22-Mar-2017
2216,3,8,19,26,37,41,18-Mar-2017
2215,6,24,27,38,39,58,15-Mar-2017
2214,6,15,23,29,55,57,11-Mar-2017
2213,11,19,22,42,43,49,08-Mar-2017
2212,24,38,39,40,49,56,04-Mar-2017
2211,2,7,21,22,47,53,01-Mar-2017
2210,18,24,34,38,41,49,25-Feb-2017
2209,1,16,28,31,38,54,22-Feb-2017
2208,11,13,21,37,49,59,18-Feb-2017
2207,17,23,28,38,47,56,15-Feb-2017
2206,15,18,23,42,43,52,11-Feb-2017
2205,7,23,41,44,49,54,08-Feb-2017
2204,6,9,27,30,40,50,04-Feb-2017
2203,6,8,15,31,45,58,01-Feb-2017
2202,5,21,23,34,43,45,28-Jan-2017
2201,4,9,20,23,37,53,25-Jan-2017
2200,4,13,37,40,52,58,21-Jan-2017
2199,8,14,20,27,28,53,18-Jan-2017
2198,14,19,21,36,53,54,14-Jan-2017
2197,21,26,29,35,46,59,11-Jan-2017
2196,8,16,33,36,45,51,07-Jan-2017
2195,10,29,37,42,48,49,04-Jan-2017
2194,10,17,35,41,51,54,31-Dec-2016
2193,5,40,47,48,52,54,28-Dec-2016
2192,16,19,29,46,54,58,24-Dec-2016
2191,10,13,22,35,42,52,21-Dec-2016
2190,2,11,18,32,40,54,17-Dec-2016
2189,3,7,8,9,40,58,14-Dec-2016
2188,11,26,31,32,33,46,10-Dec-2016
2187,16,27,31,32,44,58,07-Dec-2016
2186,3,8,9,19,21,54,03-Dec-2016
2185,10,20,25,39,45,55,30-Nov-2016
2184,1,2,28,40,48,49,26-Nov-2016
2183,2,4,8,25,38,39,23-Nov-2016
2182,5,7,8,16,28,37,19-Nov-2016
2181,7,12,33,47,50,51,16-Nov-2016
2180,3,11,16,31,44,55,12-Nov-2016
2179,12,13,30,34,39,52,09-Nov-2016
2178,8,12,16,26,45,49,05-Nov-2016
2177,5,14,19,24,31,38,02-Nov-2016
2176,7,8,16,24,29,58,29-Oct-2016
2175,5,11,27,29,52,53,26-Oct-2016
2174,9,19,26,27,45,50,22-Oct-2016
2173,2,3,4,32,54,59,19-Oct-2016
2172,14,16,25,42,46,51,15-Oct-2016
2171,2,22,29,30,36,58,12-Oct-2016
2170,11,17,20,32,40,42,08-Oct-2016
2169,11,16,25,37,43,44,05-Oct-2016
2168,4,5,18,28,43,58,01-Oct-2016
2167,19,29,37,41,51,53,28-Sep-2016
2166,11,24,34,43,44,47,24-Sep-2016
2165,20,21,28,33,49,56,21-Sep-2016
2164,10,14,25,29,52,54,17-Sep-2016
2163,16,23,35,42,44,58,14-Sep-2016
2162,6,17,37,46,47,51,10-Sep-2016
2161,3,10,12,29,30,44,07-Sep-2016
2160,2,6,17,28,38,55,03-Sep-2016
2159,15,16,26,45,47,49,31-Aug-2016
2158,5,10,22,23,34,54,27-Aug-2016
2157,4,10,15,37,38,59,24-Aug-2016
2156,8,18,26,35,41,52,20-Aug-2016
2155,4,15,27,36,37,59,17-Aug-2016
2154,12,20,31,39,43,46,13-Aug-2016
2153,11,17,35,36,40,59,10-Aug-2016
2152,34,39,42,47,53,54,06-Aug-2016
2151,16,17,22,38,41,55,03-Aug-2016
2150,14,26,28,41,51,57,30-Jul-2016
2149,9,24,26,38,40,46,27-Jul-2016
2148,19,20,30,37,54,59,23-Jul-2016
2147,18,29,30,37,46,59,20-Jul-2016
2146,10,14,17,32,36,50,16-Jul-2016
2145,1,22,30,34,57,58,13-Jul-2016
2144,1,3,22,29,36,42,09-Jul-2016
2143,1,3,20,24,38,39,06-Jul-2016
2142,3,9,16,19,24,43,02-Jul-2016
2141,10,19,21,45,46,56,29-Jun-2016
2140,13,14,18,22,24,56,25-Jun-2016
2139,11,25,36,39,40,57,22-Jun-2016
2138,10,17,26,31,35,38,18-Jun-2016
2137,2,14,19,20,29,38,15-Jun-2016
2136,4,17,30,38,47,55,11-Jun-2016
2135,28,33,43,49,55,58,08-Jun-2016
2134,7,32,34,48,55,58,04-Jun-2016
2133,23,27,36,39,41,49,01-Jun-2016
2132,8,10,36,40,52,57,28-May-2016
2131,6,20,33,44,45,55,25-May-2016
2130,6,7,19,28,30,52,21-May-2016
2129,1,3,28,34,37,46,18-May-2016
2128,9,12,23,24,32,51,14-May-2016
2127,13,22,23,33,49,54,11-May-2016
2126,4,14,17,27,34,36,07-May-2016
2125,1,2,3,4,20,21,04-May-2016
2124,1,2,5,38,53,56,30-Apr-2016
2123,12,24,29,34,39,57,27-Apr-2016
2122,2,14,26,35,44,59,23-Apr-2016
2121,1,7,9,10,12,31,20-Apr-2016
2120,2,5,14,42,51,55,16-Apr-2016
2119,13,15,17,19,35,57,13-Apr-2016
2118,20,22,25,34,47,51,09-Apr-2016
2117,15,17,31,41,50,57,06-Apr-2016
2116,7,14,20,33,47,55,02-Apr-2016
2115,5,13,24,31,40,41,30-Mar-2016
2114,5,12,43,51,53,57,26-Mar-2016
2113,7,14,21,35,41,42,23-Mar-2016
2112,21,27,31,34,40,54,19-Mar-2016
2111,13,14,31,42,44,58,16-Mar-2016
2110,13,21,30,39,51,56,12-Mar-2016
2109,26,31,35,37,40,49,09-Mar-2016
2108,11,19,29,37,40,41,05-Mar-2016
2107,4,15,21,26,39,58,02-Mar-2016
2106,11,14,22,37,53,56,27-Feb-2016
2105,4,14,18,19,26,27,24-Feb-2016
2104,2,17,35,41,57,59,20-Feb-2016
2103,5,15,33,47,51,59,17-Feb-2016
2102,15,16,23,39,48,59,13-Feb-2016
2101,2,13,25,32,37,39,10-Feb-2016
2100,10,12,18,34,52,56,06-Feb-2016
2099,23,25,34,36,37,54,03-Feb-2016
2098,1,6,21,31,41,44,30-Jan-2016
2097,8,38,41,42,50,58,27-Jan-2016
2096,8,9,10,11,41,54,23-Jan-2016
2095,18,36,37,38,54,57,20-Jan-2016
2094,1,8,12,25,43,52,16-Jan-2016
2093,4,12,38,46,57,59,13-Jan-2016
2092,26,27,46,47,52,58,09-Jan-2016
2091,8,30,40,50,54,57,06-Jan-2016
2090,12,25,29,40,48,56,02-Jan-2016
2089,22,31,47,52,55,59,30-Dec-2015
2088,17,21,31,38,44,58,26-Dec-2015
2087,1,2,4,19,28,41,23-Dec-2015
2086,13,14,27,46,48,50,19-Dec-2015
2085,10,12,35,46,48,57,16-Dec-2015
2084,15,22,25,40,53,57,12-Dec-2015
2083,3,8,14,28,34,53,09-Dec-2015
2082,10,11,15,50,51,56,05-Dec-2015
2081,9,11,14,28,37,42,02-Dec-2015
2080,7,12,20,24,34,52,28-Nov-2015
2079,18,29,38,41,43,57,25-Nov-2015
2078,2,8,10,11,32,47,21-Nov-2015
2077,9,23,30,46,49,55,18-Nov-2015
2076,2,23,39,54,55,57,14-Nov-2015
2075,2,17,27,28,51,52,11-Nov-2015
2074,2,3,34,43,49,50,07-Nov-2015
2073,11,13,18,25,29,47,04-Nov-2015
2072,26,39,41,42,55,59,31-Oct-2015
2071,26,36,41,46,49,52,28-Oct-2015
2070,29,31,43,55,58,59,24-Oct-2015
2069,13,14,21,25,51,53,21-Oct-2015
2068,8,30,37,40,46,50,17-Oct-2015
2067,7,13,20,27,39,52,14-Oct-2015
2066,2,3,16,32,53,54,10-Oct-2015
2065,5,7,11,30,44,49,07-Oct-2015
2064,7,8,9,14,35,44,03-Oct-2015
2063,5,8,11,17,40,45,30-Sep-2015
2062,9,17,31,33,41,42,26-Sep-2015
2061,9,17,21,23,35,36,23-Sep-2015
2060,14,26,28,31,32,44,19-Sep-2015
2059,12,14,21,22,37,43,16-Sep-2015
2058,14,20,28,31,40,46,12-Sep-2015
2057,6,18,20,21,29,31,09-Sep-2015
2056,24,29,33,40,43,49,05-Sep-2015
2055,2,9,27,29,33,40,02-Sep-2015
2054,12,18,23,33,42,43,29-Aug-2015
2053,3,4,7,18,48,49,26-Aug-2015
2052,7,19,22,28,40,44,22-Aug-2015
2051,5,6,7,25,27,33,19-Aug-2015
2050,4,8,10,21,41,49,15-Aug-2015
2049,6,15,17,20,24,25,12-Aug-2015
2048,6,22,28,30,39,44,08-Aug-2015
2047,5,8,12,28,39,41,05-Aug-2015
2046,1,16,27,42,46,47,01-Aug-2015
2045,18,21,31,42,45,47,29-Jul-2015
2044,2,4,5,15,20,48,25-Jul-2015
2043,7,23,26,33,38,45,22-Jul-2015
2042,8,15,17,33,41,47,18-Jul-2015
2041,4,7,14,21,22,29,15-Jul-2015
2040,6,12,32,36,38,47,11-Jul-2015
2039,3,10,35,38,40,41,08-Jul-2015
2038,13,14,35,39,46,49,04-Jul-2015
2037,4,10,13,18,29,33,01-Jul-2015
2036,2,4,8,21,30,38,27-Jun-2015
2035,14,23,28,33,35,42,24-Jun-2015
2034,1,6,23,25,32,35,20-Jun-2015
2033,2,8,12,15,21,42,17-Jun-2015
2032,18,23,25,37,39,47,13-Jun-2015
2031,23,29,30,39,42,49,10-Jun-2015
2030,10,14,19,24,28,33,06-Jun-2015
2029,17,32,39,40,43,49,03-Jun-2015
2028,6,7,23,27,38,49,30-May-2015
2027,12,27,28,39,41,48,27-May-2015
2026,1,8,22,30,34,40,23-May-2015
2025,6,9,22,38,39,41,20-May-2015
2024,7,11,15,32,46,48,16-May-2015
2023,1,5,21,33,34,47,13-May-2015
2022,5,17,22,31,40,48,09-May-2015
2021,1,11,14,15,19,41,06-May-2015
2020,7,10,11,30,31,42,02-May-2015
2019,3,4,25,27,42,45,29-Apr-2015
2018,4,11,27,28,30,49,25-Apr-2015
2017,15,21,28,35,42,43,22-Apr-2015
2016,1,23,27,36,43,45,18-Apr-2015
2015,1,18,22,25,31,39,15-Apr-2015
2014,17,22,24,28,33,46,11-Apr-2015
2013,18,28,30,31,41,46,08-Apr-2015
2012,1,18,20,31,38,47,04-Apr-2015
2011,11,15,18,22,41,49,01-Apr-2015
2010,3,4,6,21,23,44,28-Mar-2015
2009,3,17,20,24,38,43,25-Mar-2015
2008,1,5,7,21,37,49,21-Mar-2015
2007,4,7,9,17,20,48,18-Mar-2015
2006,6,17,24,29,33,36,14-Mar-2015
2005,7,9,21,22,24,47,11-Mar-2015
2004,2,17,21,26,30,48,07-Mar-2015
2003,3,8,19,27,42,43,04-Mar-2015
2002,4,7,9,10,19,47,28-Feb-2015
2001,12,14,15,20,40,41,25-Feb-2015
2000,1,19,24,27,38,48,21-Feb-2015
1999,21,23,25,34,42,49,18-Feb-2015
1998,7,20,23,29,40,46,14-Feb-2015
1997,8,9,10,21,35,41,11-Feb-2015
1996,3,6,15,17,18,35,07-Feb-2015
1995,10,13,17,22,40,46,04-Feb-2015
1994,7,10,16,33,39,44,31-Jan-2015
1993,3,4,17,24,30,34,28-Jan-2015
1992,4,8,19,35,44,49,24-Jan-2015
1991,1,6,32,34,37,45,21-Jan-2015
1990,29,37,42,46,47,49,17-Jan-2015
1989,17,20,28,29,33,36,14-Jan-2015
1988,13,14,16,24,41,43,10-Jan-2015
1987,4,5,10,12,20,23,07-Jan-2015
1986,10,15,17,18,19,31,03-Jan-2015
1985,12,18,22,37,38,49,31-Dec-2014
1984,11,23,28,30,32,46,27-Dec-2014
1983,7,9,13,44,47,48,24-Dec-2014
1982,18,22,23,32,40,42,20-Dec-2014
1981,2,19,24,33,35,46,17-Dec-2014
1980,18,30,33,34,38,48,13-Dec-2014
1979,14,15,31,36,42,47,10-Dec-2014
1978,19,23,40,43,45,49,06-Dec-2014
1977,4,17,19,25,35,37,03-Dec-2014
1976,6,11,18,19,38,42,29-Nov-2014
1975,26,28,29,30,41,49,26-Nov-2014
1974,2,3,5,15,22,29,22-Nov-2014
1973,2,15,35,36,38,39,19-Nov-2014
1972,5,26,28,30,42,44,15-Nov-2014
1971,5,9,10,13,41,44,12-Nov-2014
1970,6,7,22,27,35,42,08-Nov-2014
1969,2,5,21,25,34,36,05-Nov-2014
1968,3,5,9,28,35,47,01-Nov-2014
1967,13,14,17,25,31,49,29-Oct-2014
1966,11,15,17,30,43,49,25-Oct-2014
1965,5,24,28,36,42,47,22-Oct-2014
1964,1,22,30,33,40,47,18-Oct-2014
1963,6,19,24,26,42,43,15-Oct-2014
1962,2,5,8,23,26,32,11-Oct-2014
1961,4,27,28,29,34,43,08-Oct-2014
1960,4,18,24,34,36,48,04-Oct-2014
1959,1,4,5,7,18,47,01-Oct-2014
1958,1,3,7,19,20,46,27-Sep-2014
1957,4,8,29,33,38,48,24-Sep-2014
1956,2,6,22,26,33,48,20-Sep-2014
1955,9,19,22,34,41,46,17-Sep-2014
1954,12,15,22,29,30,35,13-Sep-2014
1953,13,16,18,24,31,43,10-Sep-2014
1952,11,29,32,37,40,48,06-Sep-2014
1951,12,22,23,27,34,35,03-Sep-2014
1950,1,19,20,30,35,46,30-Aug-2014
1949,5,17,29,36,37,49,27-Aug-2014
1948,1,7,11,38,41,42,23-Aug-2014
1947,6,12,15,24,35,47,20-Aug-2014
1946,1,3,25,33,36,42,16-Aug-2014
1945,5,9,11,20,23,30,13-Aug-2014
1944,16,36,40,43,45,47,09-Aug-2014
1943,17,21,29,33,35,46,06-Aug-2014
1942,13,23,28,37,42,45,02-Aug-2014
1941,2,5,11,22,24,42,30-Jul-2014
1940,8,14,22,26,35,37,26-Jul-2014
1939,14,18,20,30,43,47,23-Jul-2014
1938,5,9,14,25,34,38,19-Jul-2014
1937,4,11,22,27,47,49,16-Jul-2014
1936,3,19,23,28,37,43,12-Jul-2014
1935,3,8,11,12,39,43,09-Jul-2014
1934,8,15,23,24,28,34,05-Jul-2014
1933,1,18,20,38,43,48,02-Jul-2014
1932,8,12,28,30,43,49,28-Jun-2014
1931,5,15,19,25,34,36,25-Jun-2014
1930,3,7,13,17,27,40,21-Jun-2014
1929,10,11,18,23,26,37,18-Jun-2014
1928,9,18,22,23,29,33,14-Jun-2014
1927,11,13,14,28,40,42,11-Jun-2014
1926,5,10,16,23,31,44,07-Jun-2014
1925,14,19,30,31,47,48,04-Jun-2014
1924,7,9,18,24,39,40,31-May-2014
1923,18,26,32,36,40,45,28-May-2014
1922,10,31,35,40,41,44,24-May-2014
1921,2,5,9,28,29,48,21-May-2014
1920,10,19,20,33,43,46,17-May-2014
1919,15,26,29,35,36,41,14-May-2014
1918,3,5,8,10,16,17,10-May-2014
1917,16,17,22,38,44,49,07-May-2014
1916,1,7,9,27,30,48,03-May-2014
1915,9,25,34,37,44,45,30-Apr-2014
1914,17,22,23,33,36,42,26-Apr-2014
1913,16,18,29,34,35,39,23-Apr-2014
1912,13,20,31,34,36,44,19-Apr-2014
1911,1,6,10,23,25,40,16-Apr-2014
1910,4,17,22,26,31,47,12-Apr-2014
1909,8,17,20,32,41,43,09-Apr-2014
1908,3,7,20,31,43,45,05-Apr-2014
1907,14,16,20,38,39,45,02-Apr-2014
1906,8,14,16,21,47,49,29-Mar-2014
1905,20,29,33,35,37,40,26-Mar-2014
1904,17,20,28,39,43,44,22-Mar-2014
1903,4,21,25,27,31,49,19-Mar-2014
1902,14,19,22,25,38,48,15-Mar-2014
1901,11,12,16,20,35,46,12-Mar-2014
1900,2,9,12,26,31,44,08-Mar-2014
1899,1,4,5,8,25,46,05-Mar-2014
1898,4,9,10,13,29,40,01-Mar-2014
1897,3,10,11,24,25,35,26-Feb-2014
1896,19,23,34,35,39,49,22-Feb-2014
1895,17,19,35,37,46,48,19-Feb-2014
1894,15,17,19,22,33,40,15-Feb-2014
1893,3,7,20,24,30,39,12-Feb-2014
1892,8,25,27,36,39,44,08-Feb-2014
1891,12,13,28,33,46,49,05-Feb-2014
1890,27,34,35,36,41,48,01-Feb-2014
1889,9,29,37,38,42,46,29-Jan-2014
1888,4,15,21,30,41,49,25-Jan-2014
1887,2,6,9,18,24,35,22-Jan-2014
1886,7,12,23,27,30,31,18-Jan-2014
1885,4,11,13,24,32,46,15-Jan-2014
1884,22,23,25,27,28,46,11-Jan-2014
1883,19,23,31,36,45,46,08-Jan-2014
1882,4,11,18,28,41,44,04-Jan-2014
1881,9,12,16,22,26,48,01-Jan-2014
1880,16,24,25,30,34,45,28-Dec-2013
1879,4,8,9,10,21,24,25-Dec-2013
1878,12,18,25,28,33,40,21-Dec-2013
1877,2,7,25,35,40,42,18-Dec-2013
1876,13,21,24,29,35,41,14-Dec-2013
1875,1,8,10,14,18,37,11-Dec-2013
1874,10,12,17,28,30,42,07-Dec-2013
1873,6,12,16,18,21,29,04-Dec-2013
1872,9,16,19,31,36,37,30-Nov-2013
1871,15,19,22,25,42,48,27-Nov-2013
1870,12,16,22,35,38,48,23-Nov-2013
1869,5,11,15,23,35,39,20-Nov-2013
1868,3,19,21,30,41,47,16-Nov-2013
1867,4,6,15,23,36,44,13-Nov-2013
1866,1,2,6,29,32,47,09-Nov-2013
1865,5,6,14,18,29,33,06-Nov-2013
1864,10,28,32,36,37,49,02-Nov-2013
1863,20,23,26,29,34,41,30-Oct-2013
1862,10,14,20,22,45,49,26-Oct-2013
1861,10,18,27,37,41,47,23-Oct-2013
1860,3,12,19,21,29,31,19-Oct-2013
1859,12,15,24,26,31,35,16-Oct-2013
1858,5,12,21,26,33,45,12-Oct-2013
1857,4,11,27,34,36,45,09-Oct-2013
1856,5,15,17,19,20,47,05-Oct-2013
1855,16,17,21,27,30,37,02-Oct-2013
1854,10,12,14,25,46,48,28-Sep-2013
1853,5,7,20,24,30,41,25-Sep-2013
1852,11,15,36,37,38,45,21-Sep-2013
1851,2,4,5,17,22,29,18-Sep-2013
1850,18,20,24,30,39,48,14-Sep-2013
1849,7,24,27,31,40,41,11-Sep-2013
1848,1,11,12,13,35,42,07-Sep-2013
1847,6,7,8,13,24,28,04-Sep-2013
1846,4,14,15,17,21,31,31-Aug-2013
1845,1,5,17,19,37,47,28-Aug-2013
1844,5,20,26,40,42,48,24-Aug-2013
1843,3,4,27,29,47,49,21-Aug-2013
1842,15,25,26,33,34,41,17-Aug-2013
1841,12,18,38,39,45,49,14-Aug-2013
1840,14,15,17,26,35,46,10-Aug-2013
1839,3,16,20,26,28,43,07-Aug-2013
1838,3,5,9,13,17,37,03-Aug-2013
1837,10,16,33,38,40,44,31-Jul-2013
1836,12,13,18,39,43,49,27-Jul-2013
1835,22,26,30,40,42,47,24-Jul-2013
1834,1,3,17,19,39,42,20-Jul-2013
1833,6,24,33,38,42,43,17-Jul-2013
1832,12,15,24,36,45,49,13-Jul-2013
1831,3,9,10,16,20,22,10-Jul-2013
1830,16,24,27,39,45,49,06-Jul-2013
1829,15,27,31,40,41,49,03-Jul-2013
1828,7,13,25,31,34,45,29-Jun-2013
1827,8,11,29,34,40,41,26-Jun-2013
1826,8,24,26,28,36,43,22-Jun-2013
1825,6,9,13,35,36,47,19-Jun-2013
1824,3,4,16,20,33,44,15-Jun-2013
1823,2,7,10,15,17,28,12-Jun-2013
1822,8,9,13,17,41,43,08-Jun-2013
1821,10,18,35,38,41,43,05-Jun-2013
1820,11,13,24,32,34,47,01-Jun-2013
1819,3,5,25,33,34,35,29-May-2013
1818,5,6,26,30,33,40,25-May-2013
1817,10,23,35,39,45,46,22-May-2013
1816,3,5,24,31,48,49,18-May-2013
1815,4,5,6,20,30,35,15-May-2013
1814,9,12,24,25,26,43,11-May-2013
1813,12,15,20,31,33,40,08-May-2013
1812,11,12,22,27,40,44,04-May-2013
1811,7,8,11,12,39,42,01-May-2013
1810,1,13,25,39,41,44,27-Apr-2013
1809,9,11,16,17,18,38,24-Apr-2013
1808,8,34,38,42,44,46,20-Apr-2013
1807,12,14,16,18,20,33,17-Apr-2013
1806,3,13,23,27,41,49,13-Apr-2013
1805,3,16,27,33,36,42,10-Apr-2013
1804,11,21,22,41,47,48,06-Apr-2013
1803,5,11,21,32,42,48,03-Apr-2013
1802,8,15,24,40,43,45,30-Mar-2013
1801,8,10,22,24,37,44,27-Mar-2013
1800,3,14,16,19,37,44,23-Mar-2013
1799,4,11,14,27,43,46,20-Mar-2013
1798,1,11,12,27,48,49,16-Mar-2013
1797,6,8,21,23,41,46,13-Mar-2013
1796,12,19,25,36,44,46,09-Mar-2013
1795,3,9,14,38,42,47,06-Mar-2013
1794,6,9,23,31,35,48,02-Mar-2013
1793,2,14,20,23,24,30,27-Feb-2013
1792,2,16,25,30,31,32,23-Feb-2013
1791,3,6,36,44,45,48,20-Feb-2013
1790,7,20,27,39,46,48,16-Feb-2013
1789,6,14,20,23,29,49,13-Feb-2013
1788,8,10,27,34,40,41,09-Feb-2013
1787,9,10,16,18,27,42,06-Feb-2013
1786,2,12,13,14,21,30,02-Feb-2013
1785,9,10,24,43,47,48,30-Jan-2013
1784,2,6,21,29,34,47,26-Jan-2013
1783,6,10,14,24,32,41,23-Jan-2013
1782,5,9,13,16,35,39,19-Jan-2013
1781,5,12,13,35,38,47,16-Jan-2013
1780,3,7,11,12,24,27,12-Jan-2013
1779,5,21,24,25,39,48,09-Jan-2013
1778,10,15,17,21,37,47,05-Jan-2013
1777,7,9,20,21,30,37,02-Jan-2013
1776,6,8,31,37,40,48,29-Dec-2012
1775,3,11,17,39,47,49,26-Dec-2012
1774,4,14,28,34,43,44,22-Dec-2012
1773,4,26,33,41,48,49,19-Dec-2012
1772,6,19,22,23,28,29,15-Dec-2012
1771,9,15,18,33,38,44,12-Dec-2012
1770,29,33,35,36,45,48,08-Dec-2012
1769,3,4,14,31,48,49,05-Dec-2012
1768,5,27,31,32,38,49,01-Dec-2012
1767,14,28,37,38,45,48,28-Nov-2012
1766,2,4,27,34,39,44,24-Nov-2012
1765,4,12,19,22,36,40,21-Nov-2012
1764,17,19,20,21,25,26,17-Nov-2012
1763,14,15,17,29,30,33,14-Nov-2012
1762,10,23,24,25,30,37,10-Nov-2012
1761,14,19,35,36,40,45,07-Nov-2012
1760,5,7,9,17,20,45,03-Nov-2012
1759,7,30,32,36,40,41,31-Oct-2012
1758,7,14,20,30,33,46,27-Oct-2012
1757,1,10,19,36,47,48,24-Oct-2012
1756,9,10,24,37,39,40,20-Oct-2012
1755,4,7,19,21,39,49,17-Oct-2012
1754,14,26,30,32,36,48,13-Oct-2012
1753,15,19,23,29,30,46,10-Oct-2012
1752,1,11,16,18,27,42,06-Oct-2012
1751,3,9,11,29,45,46,03-Oct-2012
1750,1,6,7,8,25,42,29-Sep-2012
1749,6,8,11,39,40,43,26-Sep-2012
1748,10,13,29,31,36,45,22-Sep-2012
1747,5,14,19,23,33,48,19-Sep-2012
1746,14,18,19,35,44,45,15-Sep-2012
1745,14,16,21,22,24,41,12-Sep-2012
1744,8,15,21,26,28,32,08-Sep-2012
1743,17,22,26,27,39,41,05-Sep-2012
1742,15,30,36,39,41,49,01-Sep-2012
1741,4,7,12,28,32,37,29-Aug-2012
1740,12,18,23,31,44,48,25-Aug-2012
1739,3,11,23,28,30,48,22-Aug-2012
1738,21,27,38,42,44,46,18-Aug-2012
1737,10,14,35,36,37,46,15-Aug-2012
1736,1,5,14,18,34,44,11-Aug-2012
1735,6,14,19,22,30,36,08-Aug-2012
1734,8,10,15,21,23,45,04-Aug-2012
1733,13,20,24,27,33,39,01-Aug-2012
1732,7,10,22,29,43,44,28-Jul-2012
1731,8,14,15,22,41,48,25-Jul-2012
1730,5,14,20,40,41,42,21-Jul-2012
1729,11,26,34,38,40,46,18-Jul-2012
1728,13,27,29,42,43,46,14-Jul-2012
1727,12,19,28,29,38,49,11-Jul-2012
1726,5,22,23,30,33,45,07-Jul-2012
1725,3,9,14,19,34,38,04-Jul-2012
1724,1,18,19,24,30,38,30-Jun-2012
1723,10,22,29,39,46,47,27-Jun-2012
1722,3,25,28,30,39,45,23-Jun-2012
1721,6,10,12,30,36,49,20-Jun-2012
1720,3,19,21,37,40,49,16-Jun-2012
1719,12,25,29,34,45,47,13-Jun-2012
1718,5,14,24,26,37,44,09-Jun-2012
1717,9,17,20,27,37,41,06-Jun-2012
1716,16,18,20,25,29,34,02-Jun-2012
1715,7,14,25,33,45,48,30-May-2012
1714,2,6,7,15,25,44,26-May-2012
1713,3,4,18,24,44,49,23-May-2012
1712,1,19,39,40,42,46,19-May-2012
1711,5,6,21,41,48,49,16-May-2012
1710,1,5,18,21,23,33,12-May-2012
1709,2,7,8,10,22,23,09-May-2012
1708,4,13,17,26,27,40,05-May-2012
1707,18,22,25,35,39,41,02-May-2012
1706,1,3,9,23,37,46,28-Apr-2012
1705,8,13,18,21,40,44,25-Apr-2012
1704,10,23,25,34,41,47,21-Apr-2012
1703,7,8,16,22,24,28,18-Apr-2012
1702,1,5,15,22,26,42,14-Apr-2012
1701,20,27,33,41,44,46,11-Apr-2012
1700,12,16,23,25,31,42,07-Apr-2012
1699,9,23,26,33,40,44,04-Apr-2012
1698,2,5,18,40,47,49,31-Mar-2012
1697,3,8,16,22,38,39,28-Mar-2012
1696,6,24,27,31,39,45,24-Mar-2012
1695,10,14,21,25,39,45,21-Mar-2012
1694,1,3,16,20,37,40,17-Mar-2012
1693,14,15,18,26,31,36,14-Mar-2012
1692,1,3,12,23,37,43,10-Mar-2012
1691,2,8,11,28,35,44,07-Mar-2012
1690,7,20,23,28,31,40,03-Mar-2012
1689,13,14,29,41,46,49,29-Feb-2012
1688,7,25,26,27,29,32,25-Feb-2012
1687,7,12,15,35,43,49,22-Feb-2012
1686,2,19,22,30,33,41,18-Feb-2012
1685,9,28,30,33,40,44,15-Feb-2012
1684,1,23,24,31,45,49,11-Feb-2012
1683,7,13,16,31,36,44,08-Feb-2012
1682,4,7,40,41,45,48,04-Feb-2012
1681,7,17,21,22,38,39,01-Feb-2012
1680,10,12,25,28,31,40,28-Jan-2012
1679,2,8,26,30,39,45,25-Jan-2012
1678,5,17,32,39,42,49,21-Jan-2012
1677,9,22,31,34,35,43,18-Jan-2012
1676,7,10,12,15,25,42,14-Jan-2012
1675,2,9,27,33,39,40,11-Jan-2012
1674,8,14,15,17,20,47,07-Jan-2012
1673,9,26,28,30,42,43,04-Jan-2012
1672,7,11,37,38,42,44,31-Dec-2011
1671,8,11,13,17,48,49,28-Dec-2011
1670,1,15,23,32,36,43,24-Dec-2011
1669,7,28,30,34,38,45,21-Dec-2011
1668,1,22,35,39,42,48,17-Dec-2011
1667,3,10,25,28,30,43,14-Dec-2011
1666,16,21,24,29,30,39,10-Dec-2011
1665,10,14,27,31,32,47,07-Dec-2011
1664,1,30,35,47,48,49,03-Dec-2011
1663,13,23,24,25,26,30,30-Nov-2011
1662,13,16,25,26,36,46,26-Nov-2011
1661,4,11,19,22,31,48,23-Nov-2011
1660,1,29,31,32,34,36,19-Nov-2011
1659,10,12,26,27,39,40,16-Nov-2011
1658,6,12,13,28,33,38,12-Nov-2011
1657,2,8,10,23,27,32,09-Nov-2011
1656,14,16,23,24,27,39,05-Nov-2011
1655,11,12,33,37,38,49,02-Nov-2011
1654,5,9,14,28,46,49,29-Oct-2011
1653,4,23,34,38,39,41,26-Oct-2011
1652,20,27,28,34,43,44,22-Oct-2011
1651,13,14,18,32,34,49,19-Oct-2011
1650,7,12,27,34,41,46,15-Oct-2011
1649,13,24,25,26,37,40,12-Oct-2011
1648,6,16,22,26,30,34,08-Oct-2011
1647,9,15,17,29,30,39,05-Oct-2011
1646,4,15,17,26,37,41,01-Oct-2011
1645,15,19,25,36,44,45,28-Sep-2011
1644,10,16,29,34,37,47,24-Sep-2011
1643,11,15,32,33,37,39,21-Sep-2011
1642,2,3,6,41,44,45,17-Sep-2011
1641,23,28,29,37,38,42,14-Sep-2011
1640,5,7,9,10,22,47,10-Sep-2011
1639,4,29,31,36,38,48,07-Sep-2011
1638,4,17,20,26,29,36,03-Sep-2011
1637,5,26,43,46,47,49,31-Aug-2011
1636,6,7,29,32,41,46,27-Aug-2011
1635,11,27,46,47,48,49,24-Aug-2011
1634,2,3,18,30,34,35,20-Aug-2011
1633,3,19,32,40,47,48,17-Aug-2011
1632,5,30,31,33,35,45,13-Aug-2011
1631,2,4,7,27,43,44,10-Aug-2011
1630,1,14,18,24,26,28,06-Aug-2011
1629,18,19,26,39,40,47,03-Aug-2011
1628,4,10,29,32,34,40,30-Jul-2011
1627,4,16,22,34,39,42,27-Jul-2011
1626,1,2,11,30,33,45,23-Jul-2011
1625,6,10,15,32,42,49,20-Jul-2011
1624,4,9,13,15,18,40,16-Jul-2011
1623,7,11,15,18,19,49,13-Jul-2011
1622,1,2,21,24,33,49,09-Jul-2011
1621,26,32,34,35,41,48,06-Jul-2011
1620,10,18,34,35,39,48,02-Jul-2011
1619,5,6,13,21,31,47,29-Jun-2011
1618,5,9,15,30,32,39,25-Jun-2011
1617,16,22,23,36,45,48,22-Jun-2011
1616,3,8,10,35,38,39,18-Jun-2011
1615,9,25,29,32,37,38,15-Jun-2011
1614,9,11,35,37,40,45,11-Jun-2011
1613,3,19,36,40,43,48,08-Jun-2011
1612,7,21,25,32,43,44,04-Jun-2011
1611,2,7,9,18,38,45,01-Jun-2011
1610,2,3,17,23,40,43,28-May-2011
1609,7,8,17,30,46,48,25-May-2011
1608,4,17,23,24,30,35,21-May-2011
1607,6,15,20,36,38,42,18-May-2011
1606,8,18,27,28,46,48,14-May-2011
1605,17,30,33,34,38,48,11-May-2011
1604,17,18,24,29,35,48,07-May-2011
1603,2,3,7,17,21,32,04-May-2011
1602,1,6,12,29,36,44,30-Apr-2011
1601,6,15,27,32,37,44,27-Apr-2011
1600,5,6,18,36,44,49,23-Apr-2011
1599,3,5,8,9,18,44,20-Apr-2011
1598,4,34,40,41,44,49,16-Apr-2011
1597,1,14,25,33,34,43,13-Apr-2011
1596,6,8,17,21,39,47,09-Apr-2011
1595,7,11,13,14,38,41,06-Apr-2011
1594,12,14,32,44,48,49,02-Apr-2011
1593,10,16,17,21,39,41,30-Mar-2011
1592,2,9,16,21,31,44,26-Mar-2011
1591,6,18,23,26,32,44,23-Mar-2011
1590,10,26,28,34,35,39,19-Mar-2011
1589,2,15,16,18,47,48,16-Mar-2011
1588,7,17,19,29,30,38,12-Mar-2011
1587,9,11,37,40,41,49,09-Mar-2011
1586,4,13,23,29,41,43,05-Mar-2011
1585,1,25,27,41,46,49,02-Mar-2011
1584,6,8,20,29,34,36,26-Feb-2011
1583,1,8,15,21,31,39,23-Feb-2011
1582,6,16,26,32,34,46,19-Feb-2011
1581,5,11,15,26,29,32,16-Feb-2011
1580,16,24,27,28,30,36,12-Feb-2011
1579,2,6,8,9,36,39,09-Feb-2011
1578,33,34,37,40,41,47,05-Feb-2011
1577,2,17,20,42,46,48,02-Feb-2011
1576,5,20,25,30,36,47,29-Jan-2011
1575,14,17,20,43,47,49,26-Jan-2011
1574,4,14,18,24,41,44,22-Jan-2011
1573,9,18,34,41,42,43,19-Jan-2011
1572,7,8,21,24,33,34,15-Jan-2011
1571,11,12,17,19,24,47,12-Jan-2011
1570,13,14,32,35,41,47,08-Jan-2011
1569,4,10,35,36,43,46,05-Jan-2011
1568,4,9,33,34,36,45,01-Jan-2011
1567,2,3,16,26,34,39,29-Dec-2010
1566,13,15,22,25,33,34,25-Dec-2010
1565,7,13,33,37,48,49,22-Dec-2010
1564,9,21,35,38,46,49,18-Dec-2010
1563,6,9,31,33,40,45,15-Dec-2010
1562,11,15,24,33,43,49,11-Dec-2010
1561,14,16,23,24,25,43,08-Dec-2010
1560,4,15,19,44,45,49,04-Dec-2010
1559,20,21,22,24,27,34,01-Dec-2010
1558,4,10,18,41,42,47,27-Nov-2010
1557,11,30,38,45,46,49,24-Nov-2010
1556,6,7,8,17,27,46,20-Nov-2010
1555,3,6,27,29,33,41,17-Nov-2010
1554,5,11,29,31,35,39,13-Nov-2010
1553,15,26,30,35,40,41,10-Nov-2010
1552,12,22,30,31,34,39,06-Nov-2010
1551,13,21,28,37,39,45,03-Nov-2010
1550,2,22,32,33,37,45,30-Oct-2010
1549,3,5,11,16,41,48,27-Oct-2010
1548,2,3,14,29,35,42,23-Oct-2010
1547,14,30,31,36,44,47,20-Oct-2010
1546,6,30,34,38,45,48,16-Oct-2010
1545,18,19,24,26,27,44,13-Oct-2010
1544,5,11,19,29,33,35,09-Oct-2010
1543,9,17,18,23,30,35,06-Oct-2010
1542,10,16,25,26,32,40,02-Oct-2010
1541,21,25,29,32,38,44,29-Sep-2010
1540,19,22,30,33,35,39,25-Sep-2010
1539,9,12,27,29,41,47,22-Sep-2010
1538,4,5,16,17,20,32,18-Sep-2010
1537,2,20,33,40,43,46,15-Sep-2010
1536,4,20,21,35,39,40,11-Sep-2010
1535,8,10,26,34,48,49,08-Sep-2010
1534,16,19,26,27,41,47,04-Sep-2010
1533,7,20,21,27,28,41,01-Sep-2010
1532,3,17,32,35,43,49,28-Aug-2010
1531,5,10,12,17,28,30,25-Aug-2010
1530,8,15,19,26,33,36,21-Aug-2010
1529,2,13,16,24,25,40,18-Aug-2010
1528,5,13,17,31,42,46,14-Aug-2010
1527,4,21,25,27,31,34,11-Aug-2010
1526,13,16,22,25,31,39,07-Aug-2010
1525,14,17,22,24,38,43,04-Aug-2010
1524,10,24,30,33,40,45,31-Jul-2010
1523,1,11,33,37,42,43,28-Jul-2010
1522,24,26,33,35,43,44,24-Jul-2010
1521,8,16,25,27,28,34,21-Jul-2010
1520,15,28,32,43,44,45,17-Jul-2010
1519,1,15,25,26,40,43,14-Jul-2010
1518,3,5,30,31,38,47,10-Jul-2010
1517,23,29,34,36,41,45,07-Jul-2010
1516,8,31,37,43,44,48,03-Jul-2010
1515,6,18,20,25,35,36,30-Jun-2010
1514,18,26,33,35,37,47,26-Jun-2010
1513,5,9,13,17,22,27,23-Jun-2010
1512,34,37,39,41,42,47,19-Jun-2010
1511,4,8,32,34,40,47,16-Jun-2010
1510,1,16,17,19,33,34,12-Jun-2010
1509,14,26,33,45,46,49,09-Jun-2010
1508,5,22,23,24,26,29,05-Jun-2010
1507,2,12,17,25,33,39,02-Jun-2010
1506,2,17,36,39,42,48,29-May-2010
1505,2,4,5,19,20,27,26-May-2010
1504,1,4,16,37,47,49,22-May-2010
1503,15,23,24,34,36,47,19-May-2010
1502,1,4,24,26,27,48,15-May-2010
1501,11,17,19,40,44,45,12-May-2010
1500,1,26,28,32,46,48,08-May-2010
1499,3,6,8,10,36,47,05-May-2010
1498,6,15,28,29,30,47,01-May-2010
1497,5,11,19,23,38,46,28-Apr-2010
1496,1,4,12,23,33,40,24-Apr-2010
1495,2,10,16,19,33,45,21-Apr-2010
1494,3,10,29,31,36,44,17-Apr-2010
1493,2,6,8,23,44,46,14-Apr-2010
1492,6,9,11,21,40,48,10-Apr-2010
1491,8,11,20,33,43,47,07-Apr-2010
1490,8,9,19,28,31,37,03-Apr-2010
1489,14,18,29,38,43,44,31-Mar-2010
1488,6,11,15,32,38,42,27-Mar-2010
1487,3,5,23,28,42,49,24-Mar-2010
1486,5,11,13,18,25,46,20-Mar-2010
1485,16,30,34,37,41,42,17-Mar-2010
1484,23,25,28,33,44,49,13-Mar-2010
1483,1,6,13,23,29,34,10-Mar-2010
1482,6,13,27,28,34,42,06-Mar-2010
1481,18,27,32,35,44,47,03-Mar-2010
1480,7,14,17,42,44,45,27-Feb-2010
1479,3,11,18,23,38,49,24-Feb-2010
1478,8,24,27,31,34,36,20-Feb-2010
1477,3,22,27,31,38,49,17-Feb-2010
1476,16,22,24,30,39,44,13-Feb-2010
1475,5,7,15,37,42,44,10-Feb-2010
1474,3,12,15,17,22,29,06-Feb-2010
1473,3,11,12,20,21,28,03-Feb-2010
1472,2,3,4,19,23,40,30-Jan-2010
1471,1,4,7,11,13,27,27-Jan-2010
1470,3,7,8,16,19,30,23-Jan-2010
1469,2,16,17,18,27,28,20-Jan-2010
1468,4,7,10,14,27,42,16-Jan-2010
1467,6,8,14,16,21,43,13-Jan-2010
1466,20,24,33,34,37,48,09-Jan-2010
1465,4,16,18,43,45,49,06-Jan-2010
1464,26,29,30,42,43,47,02-Jan-2010
1463,5,14,27,29,34,35,30-Dec-2009
1462,2,8,23,25,36,42,26-Dec-2009
1461,15,18,26,32,36,37,23-Dec-2009
1460,1,20,28,33,40,45,19-Dec-2009
1459,2,20,34,35,40,44,16-Dec-2009
1458,3,13,22,23,39,45,12-Dec-2009
1457,5,13,31,36,40,41,09-Dec-2009
1456,8,20,36,43,45,49,05-Dec-2009
1455,2,19,22,25,34,47,02-Dec-2009
1454,3,4,27,30,36,47,28-Nov-2009
1453,3,6,11,17,23,29,25-Nov-2009
1452,9,24,30,32,36,40,21-Nov-2009
1451,1,4,12,13,18,19,18-Nov-2009
1450,1,5,9,20,23,39,14-Nov-2009
1449,4,6,12,31,38,48,11-Nov-2009
1448,19,21,39,44,45,49,07-Nov-2009
1447,1,2,23,39,42,49,04-Nov-2009
1446,12,18,26,35,40,44,31-Oct-2009
1445,24,25,34,38,41,43,28-Oct-2009
1444,5,9,12,31,32,38,24-Oct-2009
1443,6,12,16,19,33,44,21-Oct-2009
1442,11,25,27,32,37,43,17-Oct-2009
1441,5,11,24,32,35,42,14-Oct-2009
1440,17,36,37,40,43,45,10-Oct-2009
1439,26,27,28,43,45,46,07-Oct-2009
1438,14,21,23,32,36,46,03-Oct-2009
1437,2,10,15,28,36,41,30-Sep-2009
1436,3,5,17,32,40,43,26-Sep-2009
1435,23,25,28,41,46,47,23-Sep-2009
1434,18,20,31,33,43,45,19-Sep-2009
1433,18,23,34,44,46,48,16-Sep-2009
1432,18,20,24,30,43,44,12-Sep-2009
1431,2,11,23,28,35,39,09-Sep-2009
1430,12,19,22,26,36,41,05-Sep-2009
1429,2,4,7,27,28,35,02-Sep-2009
1428,9,18,34,37,39,47,29-Aug-2009
1427,3,9,11,17,27,48,26-Aug-2009
1426,18,23,24,36,43,44,22-Aug-2009
1425,10,23,26,30,41,45,19-Aug-2009
1424,16,31,32,46,47,48,15-Aug-2009
1423,9,20,21,27,39,40,12-Aug-2009
1422,9,17,26,32,33,36,08-Aug-2009
1421,1,16,18,32,39,44,05-Aug-2009
1420,2,6,27,28,40,49,01-Aug-2009
1419,3,13,19,20,23,26,29-Jul-2009
1418,8,17,30,32,38,40,25-Jul-2009
1417,2,22,23,31,35,40,22-Jul-2009
1416,9,27,28,33,39,41,18-Jul-2009
1415,5,8,10,29,39,41,15-Jul-2009
1414,4,6,10,28,35,39,11-Jul-2009
1413,10,16,21,22,35,49,08-Jul-2009
1412,14,16,26,39,44,48,04-Jul-2009
1411,1,2,11,31,38,43,01-Jul-2009
1410,9,17,25,26,31,42,27-Jun-2009
1409,10,17,20,21,23,31,24-Jun-2009
1408,3,4,17,24,29,40,20-Jun-2009
1407,8,10,11,14,28,36,17-Jun-2009
1406,1,13,18,36,43,48,13-Jun-2009
1405,3,8,21,23,30,46,10-Jun-2009
1404,6,14,32,35,41,42,06-Jun-2009
1403,4,6,22,31,33,35,03-Jun-2009
1402,2,5,19,20,33,43,30-May-2009
1401,2,12,24,31,41,48,27-May-2009
1400,12,17,32,41,44,48,23-May-2009
1399,9,10,30,37,45,46,20-May-2009
1398,1,5,9,27,42,45,16-May-2009
1397,13,16,19,31,37,47,13-May-2009
1396,6,9,28,31,37,42,09-May-2009
1395,1,8,10,13,20,34,06-May-2009
1394,10,17,25,32,34,40,02-May-2009
1393,1,15,35,42,45,48,29-Apr-2009
1392,7,14,17,39,41,49,25-Apr-2009
1391,11,21,34,42,43,45,22-Apr-2009
1390,13,24,33,35,42,49,18-Apr-2009
1389,5,9,18,23,31,39,15-Apr-2009
1388,6,11,24,30,32,45,11-Apr-2009
1387,8,10,21,23,25,48,08-Apr-2009
1386,11,18,28,32,36,39,04-Apr-2009
1385,3,5,14,19,24,40,01-Apr-2009
1384,2,17,19,28,31,47,28-Mar-2009
1383,13,23,26,27,37,49,25-Mar-2009
1382,1,31,32,33,36,38,21-Mar-2009
1381,2,5,22,25,39,41,18-Mar-2009
1380,9,16,25,29,31,37,14-Mar-2009
1379,6,9,20,21,31,34,11-Mar-2009
1378,6,21,30,32,33,44,07-Mar-2009
1377,3,21,25,32,37,46,04-Mar-2009
1376,6,25,33,37,42,43,28-Feb-2009
1375,6,19,25,32,37,39,25-Feb-2009
1374,18,22,26,42,45,46,21-Feb-2009
1373,5,23,24,29,39,44,18-Feb-2009
1372,2,4,17,19,38,45,14-Feb-2009
1371,9,14,16,38,46,47,11-Feb-2009
1370,3,7,24,25,26,41,07-Feb-2009
1369,4,24,31,33,36,40,04-Feb-2009
1368,1,4,13,15,35,38,31-Jan-2009
1367,4,29,37,39,40,43,28-Jan-2009
1366,24,25,26,38,39,40,24-Jan-2009
1365,3,25,28,29,32,45,21-Jan-2009
1364,1,7,9,33,36,38,17-Jan-2009
1363,3,18,28,37,39,42,14-Jan-2009
1362,5,8,11,15,38,45,10-Jan-2009
1361,1,8,27,32,39,45,07-Jan-2009
1360,9,19,36,37,39,49,03-Jan-2009
1359,3,11,15,33,36,45,31-Dec-2008
1358,7,10,24,39,40,42,27-Dec-2008
1357,2,10,24,31,37,47,24-Dec-2008
1356,3,9,11,23,36,44,20-Dec-2008
1355,10,15,17,26,46,49,17-Dec-2008
1354,2,4,16,28,37,47,13-Dec-2008
1353,9,11,23,27,29,33,10-Dec-2008
1352,10,12,20,37,39,48,06-Dec-2008
1351,4,12,19,21,34,44,03-Dec-2008
1350,10,34,35,39,43,47,29-Nov-2008
1349,3,6,13,23,27,49,26-Nov-2008
1348,4,12,34,35,38,48,22-Nov-2008
1347,5,7,18,27,31,33,19-Nov-2008
1346,14,17,30,37,38,41,15-Nov-2008
1345,1,5,13,20,27,45,12-Nov-2008
1344,15,24,26,27,33,34,08-Nov-2008
1343,2,11,13,27,34,43,05-Nov-2008
1342,18,19,25,30,33,43,01-Nov-2008
1341,6,10,12,15,20,27,29-Oct-2008
1340,1,20,31,38,43,46,25-Oct-2008
1339,1,12,29,35,37,40,22-Oct-2008
1338,3,10,12,30,39,40,18-Oct-2008
1337,1,8,15,18,34,38,15-Oct-2008
1336,20,21,23,24,27,28,11-Oct-2008
1335,9,13,24,25,42,48,08-Oct-2008
1334,17,18,28,29,32,40,04-Oct-2008
1333,6,27,29,38,42,49,01-Oct-2008
1332,11,21,27,38,40,44,27-Sep-2008
1331,1,14,21,24,35,46,24-Sep-2008
1330,5,15,20,22,24,47,20-Sep-2008
1329,3,9,11,24,29,43,17-Sep-2008
1328,5,21,28,29,40,44,13-Sep-2008
1327,7,15,16,19,22,48,10-Sep-2008
1326,4,6,9,13,35,36,06-Sep-2008
1325,3,5,7,9,24,35,03-Sep-2008
1324,2,14,27,31,36,44,30-Aug-2008
1323,8,14,33,34,35,43,27-Aug-2008
1322,9,16,23,26,27,42,23-Aug-2008
1321,1,29,32,33,34,38,20-Aug-2008
1320,2,3,9,34,35,41,16-Aug-2008
1319,5,9,10,11,23,26,13-Aug-2008
1318,9,10,17,29,33,40,09-Aug-2008
1317,7,9,23,30,47,49,06-Aug-2008
1316,8,15,23,32,35,49,02-Aug-2008
1315,4,26,28,32,44,46,30-Jul-2008
1314,3,11,19,24,33,35,26-Jul-2008
1313,15,17,33,35,39,40,23-Jul-2008
1312,6,9,13,18,29,30,19-Jul-2008
1311,3,12,17,18,22,42,16-Jul-2008
1310,16,27,28,29,30,42,12-Jul-2008
1309,2,3,9,15,26,29,09-Jul-2008
1308,2,22,26,28,30,39,05-Jul-2008
1307,3,4,12,23,30,31,02-Jul-2008
1306,7,12,19,23,46,48,28-Jun-2008
1305,11,12,22,23,24,36,25-Jun-2008
1304,8,9,11,16,18,22,21-Jun-2008
1303,12,26,34,39,40,45,18-Jun-2008
1302,7,16,17,23,29,34,14-Jun-2008
1301,1,8,22,28,35,44,11-Jun-2008
1300,5,9,14,37,38,44,07-Jun-2008
1299,19,27,35,37,39,42,04-Jun-2008
1298,15,20,22,34,37,39,31-May-2008
1297,10,25,28,36,45,48,28-May-2008
1296,3,6,10,26,30,38,24-May-2008
1295,2,23,38,41,47,49,21-May-2008
1294,3,11,12,41,46,47,17-May-2008
1293,3,4,29,34,41,42,14-May-2008
1292,4,14,18,24,32,40,10-May-2008
1291,9,10,12,16,30,31,07-May-2008
1290,2,15,17,32,36,42,03-May-2008
1289,15,31,33,35,41,44,30-Apr-2008
1288,1,4,16,37,39,40,26-Apr-2008
1287,10,15,23,34,39,41,23-Apr-2008
1286,5,19,24,38,42,46,19-Apr-2008
1285,4,10,14,29,31,38,16-Apr-2008
1284,4,17,22,44,46,49,12-Apr-2008
1283,1,6,8,14,17,32,09-Apr-2008
1282,7,23,30,41,45,49,05-Apr-2008
1281,2,6,21,23,43,47,02-Apr-2008
1280,11,17,28,31,40,43,29-Mar-2008
1279,3,22,27,33,45,48,26-Mar-2008
1278,7,11,14,27,45,48,22-Mar-2008
1277,5,21,22,25,27,35,19-Mar-2008
1276,2,23,37,40,48,49,15-Mar-2008
1275,1,13,26,38,41,47,12-Mar-2008
1274,4,15,18,30,31,47,08-Mar-2008
1273,8,14,16,39,43,47,05-Mar-2008
1272,1,8,12,20,29,49,01-Mar-2008
1271,16,29,30,32,38,45,27-Feb-2008
1270,8,11,16,25,39,46,23-Feb-2008
1269,7,17,29,31,39,44,20-Feb-2008
1268,9,18,21,24,37,48,16-Feb-2008
1267,9,14,24,28,32,41,13-Feb-2008
1266,2,14,26,29,31,40,09-Feb-2008
1265,2,5,12,15,30,48,06-Feb-2008
1264,5,7,18,22,25,34,02-Feb-2008
1263,7,8,27,37,40,46,30-Jan-2008
1262,1,2,6,13,38,43,26-Jan-2008
1261,4,12,13,15,30,36,23-Jan-2008
1260,6,10,30,32,43,45,19-Jan-2008
1259,8,13,17,22,29,42,16-Jan-2008
1258,6,11,15,18,34,45,12-Jan-2008
1257,14,24,26,28,44,49,09-Jan-2008
1256,2,3,12,20,33,49,05-Jan-2008
1255,13,15,25,31,37,39,02-Jan-2008
1254,4,13,23,28,30,32,29-Dec-2007
1253,8,14,18,23,27,44,26-Dec-2007
1252,11,13,14,16,21,44,22-Dec-2007
1251,11,13,21,33,36,47,19-Dec-2007
1250,12,22,25,43,46,49,15-Dec-2007
1249,19,20,23,42,44,45,12-Dec-2007
1248,4,6,10,11,24,33,08-Dec-2007
1247,2,8,13,18,26,39,05-Dec-2007
1246,12,24,33,36,39,42,01-Dec-2007
1245,11,15,25,33,44,45,28-Nov-2007
1244,1,14,25,37,39,47,24-Nov-2007
1243,6,8,24,25,32,47,21-Nov-2007
1242,11,16,20,22,27,46,17-Nov-2007
1241,4,5,21,35,37,42,14-Nov-2007
1240,5,11,13,18,25,35,10-Nov-2007
1239,2,6,9,13,17,36,07-Nov-2007
1238,3,10,22,25,31,49,03-Nov-2007
1237,9,12,20,25,33,35,31-Oct-2007
1236,6,8,10,13,22,32,27-Oct-2007
1235,14,16,24,28,45,48,24-Oct-2007
1234,4,15,25,27,33,40,20-Oct-2007
1233,10,12,22,32,45,46,17-Oct-2007
1232,7,11,12,36,38,39,13-Oct-2007
1231,1,9,24,27,36,45,10-Oct-2007
1230,5,6,18,22,24,38,06-Oct-2007
1229,1,17,24,26,30,49,03-Oct-2007
1228,1,9,10,11,16,49,29-Sep-2007
1227,2,8,16,24,32,41,26-Sep-2007
1226,3,12,15,18,30,31,22-Sep-2007
1225,2,5,6,13,25,47,19-Sep-2007
1224,3,7,12,21,25,36,15-Sep-2007
1223,4,13,18,21,30,46,12-Sep-2007
1222,4,10,20,24,39,49,08-Sep-2007
1221,11,24,26,35,39,40,05-Sep-2007
1220,3,27,34,41,42,48,01-Sep-2007
1219,4,6,11,17,31,41,29-Aug-2007
1218,7,13,17,33,40,42,25-Aug-2007
1217,18,31,35,39,40,42,22-Aug-2007
1216,2,12,26,32,37,47,18-Aug-2007
1215,2,5,15,34,35,43,15-Aug-2007
1214,6,10,11,19,22,46,11-Aug-2007
1213,3,9,12,13,20,43,08-Aug-2007
1212,12,23,25,26,34,49,04-Aug-2007
1211,3,6,15,23,28,42,01-Aug-2007
1210,4,18,22,27,44,48,28-Jul-2007
1209,3,18,21,24,36,38,25-Jul-2007
1208,3,10,21,25,29,49,21-Jul-2007
1207,12,31,33,39,41,45,18-Jul-2007
1206,15,27,35,37,38,39,14-Jul-2007
1205,3,9,10,12,46,47,11-Jul-2007
1204,16,22,28,30,33,35,07-Jul-2007
1203,3,13,22,32,44,46,04-Jul-2007
1202,10,11,17,34,38,46,30-Jun-2007
1201,7,13,23,40,41,48,27-Jun-2007
1200,6,12,19,25,31,41,23-Jun-2007
1199,13,16,22,43,47,49,20-Jun-2007
1198,8,17,33,41,43,45,16-Jun-2007
1197,13,19,24,30,40,48,13-Jun-2007
1196,2,3,23,33,40,46,09-Jun-2007
1195,7,21,22,28,37,40,06-Jun-2007
1194,1,10,33,35,38,43,02-Jun-2007
1193,2,20,22,25,41,47,30-May-2007
1192,3,15,19,24,28,34,26-May-2007
1191,3,19,31,32,36,40,23-May-2007
1190,17,19,20,32,36,48,19-May-2007
1189,9,20,22,24,27,28,16-May-2007
1188,3,6,9,12,40,43,12-May-2007
1187,8,9,19,34,47,49,09-May-2007
1186,4,33,34,38,39,49,05-May-2007
1185,11,18,25,27,39,44,02-May-2007
1184,11,17,24,28,41,47,28-Apr-2007
1183,1,7,25,31,32,39,25-Apr-2007
1182,14,20,21,30,41,46,21-Apr-2007
1181,8,11,17,30,32,41,18-Apr-2007
1180,13,16,23,29,36,49,14-Apr-2007
1179,8,11,21,32,35,42,11-Apr-2007
1178,23,24,30,31,33,37,07-Apr-2007
1177,11,14,19,35,46,49,04-Apr-2007
1176,3,35,39,42,44,48,31-Mar-2007
1175,2,5,19,23,32,41,28-Mar-2007
1174,9,14,26,28,30,45,24-Mar-2007
1173,15,19,29,35,44,45,21-Mar-2007
1172,1,9,14,20,43,44,17-Mar-2007
1171,6,21,24,38,39,48,14-Mar-2007
1170,1,9,16,34,38,41,10-Mar-2007
1169,4,14,25,35,42,48,07-Mar-2007
1168,1,5,11,19,28,36,03-Mar-2007
1167,4,15,34,40,44,46,28-Feb-2007
1166,5,18,26,34,42,49,24-Feb-2007
1165,1,6,26,34,39,42,21-Feb-2007
1164,6,18,40,43,47,49,17-Feb-2007
1163,1,2,4,38,42,43,14-Feb-2007
1162,22,26,38,39,41,42,10-Feb-2007
1161,6,16,18,29,30,35,07-Feb-2007
1160,13,17,39,46,47,49,03-Feb-2007
1159,13,14,21,30,43,49,31-Jan-2007
1158,4,15,21,23,24,38,27-Jan-2007
1157,2,8,10,31,46,48,24-Jan-2007
1156,4,7,26,28,39,49,20-Jan-2007
1155,12,17,21,25,31,37,17-Jan-2007
1154,5,8,12,20,28,48,13-Jan-2007
1153,1,2,13,29,33,49,10-Jan-2007
1152,15,25,29,35,39,40,06-Jan-2007
1151,4,6,30,36,43,44,03-Jan-2007
1150,1,2,7,11,37,45,30-Dec-2006
1149,16,27,29,34,39,45,27-Dec-2006
1148,10,16,24,37,44,49,23-Dec-2006
1147,4,10,21,22,25,38,20-Dec-2006
1146,5,8,11,27,30,46,16-Dec-2006
1145,4,12,14,20,46,49,13-Dec-2006
1144,5,8,10,18,20,46,09-Dec-2006
1143,2,5,9,12,22,32,06-Dec-2006
1142,9,11,15,31,42,46,02-Dec-2006
1141,17,20,31,40,42,46,29-Nov-2006
1140,4,7,31,38,44,48,25-Nov-2006
1139,14,15,24,31,45,49,22-Nov-2006
1138,1,19,20,32,42,46,18-Nov-2006
1137,2,3,17,22,40,42,15-Nov-2006
1136,23,24,28,33,34,41,11-Nov-2006
1135,2,18,31,38,39,46,08-Nov-2006
1134,17,30,33,40,42,43,04-Nov-2006
1133,9,13,14,20,31,35,01-Nov-2006
1132,4,5,6,12,20,29,28-Oct-2006
1131,2,7,10,14,16,22,25-Oct-2006
1130,15,18,23,31,37,49,21-Oct-2006
1129,6,12,36,39,41,48,18-Oct-2006
1128,8,15,24,31,37,42,14-Oct-2006
1127,14,16,24,26,27,39,11-Oct-2006
1126,4,13,23,24,26,36,07-Oct-2006
1125,12,14,16,19,27,32,04-Oct-2006
1124,8,12,13,19,26,38,30-Sep-2006
1123,2,3,16,27,44,48,27-Sep-2006
1122,6,26,28,35,42,43,23-Sep-2006
1121,3,21,29,35,38,45,20-Sep-2006
1120,11,12,16,33,34,43,16-Sep-2006
1119,8,15,17,40,43,48,13-Sep-2006
1118,2,15,21,37,43,46,09-Sep-2006
1117,5,7,14,29,37,38,06-Sep-2006
1116,3,8,20,22,34,40,02-Sep-2006
1115,19,21,22,38,44,49,30-Aug-2006
1114,10,17,24,31,42,49,26-Aug-2006
1113,6,16,20,21,23,37,23-Aug-2006
1112,6,29,31,34,40,48,19-Aug-2006
1111,4,8,16,20,25,31,16-Aug-2006
1110,24,30,38,43,46,49,12-Aug-2006
1109,2,4,12,16,18,41,09-Aug-2006
1108,3,11,13,18,26,31,05-Aug-2006
1107,5,8,9,18,41,47,02-Aug-2006
1106,4,5,16,19,21,49,29-Jul-2006
1105,7,17,27,30,33,39,26-Jul-2006
1104,20,22,23,26,31,47,22-Jul-2006
1103,4,21,25,37,45,46,19-Jul-2006
1102,6,12,19,20,38,39,15-Jul-2006
1101,18,20,26,27,28,39,12-Jul-2006
1100,6,10,19,29,32,42,08-Jul-2006
1099,7,17,29,33,42,45,05-Jul-2006
1098,18,28,33,37,39,42,01-Jul-2006
1097,11,12,34,39,44,48,28-Jun-2006
1096,9,14,21,23,39,44,24-Jun-2006
1095,8,16,27,38,44,49,21-Jun-2006
1094,25,26,33,40,41,47,17-Jun-2006
1093,4,7,10,33,35,49,14-Jun-2006
1092,14,27,32,39,41,47,10-Jun-2006
1091,6,9,11,14,33,48,07-Jun-2006
1090,4,6,7,9,28,39,03-Jun-2006
1089,4,16,32,34,35,37,31-May-2006
1088,5,8,12,24,28,31,27-May-2006
1087,1,17,25,29,41,46,24-May-2006
1086,6,16,17,22,24,45,20-May-2006
1085,3,10,19,33,35,38,17-May-2006
1084,3,15,21,22,36,47,13-May-2006
1083,8,13,28,32,36,46,10-May-2006
1082,2,7,11,21,33,34,06-May-2006
1081,9,11,22,39,40,42,03-May-2006
1080,10,29,31,32,36,47,29-Apr-2006
1079,1,27,32,33,45,48,26-Apr-2006
1078,9,24,30,40,42,48,22-Apr-2006
1077,3,9,33,44,47,49,19-Apr-2006
1076,7,15,19,23,37,48,15-Apr-2006
1075,7,19,26,38,44,49,12-Apr-2006
1074,5,6,7,18,28,40,08-Apr-2006
1073,1,2,16,22,26,49,05-Apr-2006
1072,9,17,18,21,23,39,01-Apr-2006
1071,2,6,18,36,37,44,29-Mar-2006
1070,2,6,10,17,29,30,25-Mar-2006
1069,4,8,16,19,34,40,22-Mar-2006
1068,7,10,22,24,34,44,18-Mar-2006
1067,1,14,21,30,35,48,15-Mar-2006
1066,4,9,13,29,31,36,11-Mar-2006
1065,1,11,14,35,37,42,08-Mar-2006
1064,1,16,22,32,33,40,04-Mar-2006
1063,15,16,19,28,38,42,01-Mar-2006
1062,7,14,24,37,43,48,25-Feb-2006
1061,5,9,27,35,42,43,22-Feb-2006
1060,9,23,32,35,36,40,18-Feb-2006
1059,5,11,12,16,17,45,15-Feb-2006
1058,4,9,15,25,30,40,11-Feb-2006
1057,9,27,28,31,41,42,08-Feb-2006
1056,1,3,6,22,23,39,04-Feb-2006
1055,5,11,13,17,44,48,01-Feb-2006
1054,9,18,22,29,30,48,28-Jan-2006
1053,9,14,15,18,26,46,25-Jan-2006
1052,1,25,26,27,39,49,21-Jan-2006
1051,2,3,7,24,46,47,18-Jan-2006
1050,4,8,16,23,28,47,14-Jan-2006
1049,5,6,8,19,34,38,11-Jan-2006
1048,8,14,19,28,29,48,07-Jan-2006
1047,7,13,31,43,45,47,04-Jan-2006
1046,6,9,11,33,36,49,31-Dec-2005
1045,6,8,10,19,30,42,28-Dec-2005
1044,17,21,25,27,30,37,24-Dec-2005
1043,5,6,12,13,31,45,21-Dec-2005
1042,7,11,15,21,35,47,17-Dec-2005
1041,7,9,17,22,27,40,14-Dec-2005
1040,20,23,25,30,31,48,10-Dec-2005
1039,2,8,11,12,22,26,07-Dec-2005
1038,2,10,11,28,36,47,03-Dec-2005
1037,7,14,29,37,41,45,30-Nov-2005
1036,19,27,28,34,39,46,26-Nov-2005
1035,14,33,36,39,42,46,23-Nov-2005
1034,4,9,10,19,24,37,19-Nov-2005
1033,4,9,22,24,30,41,16-Nov-2005
1032,12,13,25,30,45,47,12-Nov-2005
1031,1,15,23,30,45,49,09-Nov-2005
1030,12,13,21,26,32,39,05-Nov-2005
1029,19,25,32,47,48,49,02-Nov-2005
1028,2,5,13,30,39,49,29-Oct-2005
1027,10,14,26,28,33,38,26-Oct-2005
1026,18,20,22,30,32,39,22-Oct-2005
1025,7,18,20,21,29,47,19-Oct-2005
1024,4,7,29,30,42,44,15-Oct-2005
1023,5,7,13,15,19,45,12-Oct-2005
1022,1,14,20,22,25,26,08-Oct-2005
1021,14,17,23,30,34,42,05-Oct-2005
1020,4,6,31,42,46,47,01-Oct-2005
1019,21,32,41,42,43,46,28-Sep-2005
1018,2,11,27,29,36,44,24-Sep-2005
1017,2,23,33,35,40,42,21-Sep-2005
1016,9,21,23,31,40,46,17-Sep-2005
1015,15,20,22,25,35,39,14-Sep-2005
1014,1,8,24,27,34,46,10-Sep-2005
1013,1,5,7,41,43,49,07-Sep-2005
1012,14,26,34,35,36,45,03-Sep-2005
1011,4,10,14,21,32,49,31-Aug-2005
1010,6,13,17,23,32,43,27-Aug-2005
1009,1,40,43,44,48,49,24-Aug-2005
1008,7,11,12,20,38,44,20-Aug-2005
1007,3,10,13,22,31,33,17-Aug-2005
1006,19,22,30,35,44,48,13-Aug-2005
1005,8,15,30,31,34,43,10-Aug-2005
1004,3,6,7,17,30,34,06-Aug-2005
1003,2,10,30,36,37,43,03-Aug-2005
1002,3,9,13,35,43,45,30-Jul-2005
1001,10,12,13,17,31,37,27-Jul-2005
1000,7,12,16,24,29,37,23-Jul-2005
999,4,29,39,41,43,45,20-Jul-2005
998,2,3,21,24,38,44,16-Jul-2005
997,3,25,36,39,42,47,13-Jul-2005
996,7,20,22,23,34,37,09-Jul-2005
995,3,12,17,36,44,49,06-Jul-2005
994,8,25,33,35,38,40,02-Jul-2005
993,7,12,23,26,29,44,29-Jun-2005
992,15,23,27,38,44,49,25-Jun-2005
991,1,4,7,44,47,48,22-Jun-2005
990,4,7,26,41,42,49,18-Jun-2005
989,7,11,12,37,42,45,15-Jun-2005
988,1,2,18,25,34,45,11-Jun-2005
987,11,13,26,34,44,48,08-Jun-2005
986,6,8,13,15,21,40,04-Jun-2005
985,3,11,17,19,20,41,01-Jun-2005
984,10,16,21,24,34,46,28-May-2005
983,14,18,29,33,37,39,25-May-2005
982,14,34,38,43,47,48,21-May-2005
981,4,19,22,27,28,47,18-May-2005
980,12,18,22,33,43,48,14-May-2005
979,1,6,11,17,29,43,11-May-2005
978,2,6,21,34,35,49,07-May-2005
977,30,35,38,41,45,48,04-May-2005
976,2,23,26,30,39,47,30-Apr-2005
975,2,15,20,24,32,47,27-Apr-2005
974,3,18,25,29,31,43,23-Apr-2005
973,13,26,27,38,41,43,20-Apr-2005
972,25,26,32,39,40,42,16-Apr-2005
971,14,23,36,40,41,48,13-Apr-2005
970,14,22,25,27,45,47,09-Apr-2005
969,22,26,36,43,45,49,06-Apr-2005
968,18,26,27,29,34,42,02-Apr-2005
967,1,11,23,26,29,31,30-Mar-2005
966,5,21,23,28,40,48,26-Mar-2005
965,12,14,25,30,32,38,23-Mar-2005
964,6,8,18,33,43,49,19-Mar-2005
963,3,7,9,21,35,39,16-Mar-2005
962,1,2,8,9,41,48,12-Mar-2005
961,14,21,25,39,40,47,09-Mar-2005
960,6,19,24,26,27,49,05-Mar-2005
959,3,6,15,16,33,48,02-Mar-2005
958,8,14,25,40,43,48,26-Feb-2005
957,17,25,30,32,36,37,23-Feb-2005
956,10,16,19,30,35,45,19-Feb-2005
955,9,13,18,29,30,49,16-Feb-2005
954,11,18,20,23,32,48,12-Feb-2005
953,12,18,22,24,32,33,09-Feb-2005
952,19,22,33,36,43,44,05-Feb-2005
951,2,19,28,33,44,49,02-Feb-2005
950,3,8,27,38,44,46,29-Jan-2005
949,3,12,14,22,33,40,26-Jan-2005
948,5,15,23,30,34,42,22-Jan-2005
947,15,24,28,33,34,47,19-Jan-2005
946,5,20,30,32,35,38,15-Jan-2005
945,4,5,31,33,38,42,12-Jan-2005
944,7,10,17,28,29,33,08-Jan-2005
943,5,8,15,20,42,48,05-Jan-2005
942,4,6,9,12,15,40,01-Jan-2005
941,4,22,30,41,43,47,29-Dec-2004
940,15,19,24,36,37,49,24-Dec-2004
939,4,12,27,44,45,47,22-Dec-2004
938,5,16,22,25,27,30,18-Dec-2004
937,7,11,19,25,31,39,15-Dec-2004
936,7,9,19,23,27,49,11-Dec-2004
935,11,12,16,26,35,39,08-Dec-2004
934,8,9,35,38,42,45,04-Dec-2004
933,7,18,27,31,36,49,01-Dec-2004
932,4,7,9,10,43,46,27-Nov-2004
931,6,9,15,23,38,48,24-Nov-2004
930,1,4,8,26,28,36,20-Nov-2004
929,11,14,20,24,28,36,17-Nov-2004
928,4,10,12,13,14,22,13-Nov-2004
927,13,27,37,40,43,49,10-Nov-2004
926,2,26,29,36,39,40,06-Nov-2004
925,5,25,33,35,36,39,03-Nov-2004
924,3,8,9,26,27,47,30-Oct-2004
923,9,11,21,39,40,46,27-Oct-2004
922,22,27,33,37,38,40,23-Oct-2004
921,10,13,19,25,31,33,20-Oct-2004
920,25,32,33,36,45,46,16-Oct-2004
919,3,7,14,17,18,43,13-Oct-2004
918,6,17,22,27,30,34,09-Oct-2004
917,6,11,12,19,37,44,06-Oct-2004
916,1,5,6,31,33,41,02-Oct-2004
915,4,14,23,31,35,41,29-Sep-2004
914,3,10,28,29,42,43,25-Sep-2004
913,12,19,40,42,46,49,22-Sep-2004
912,5,10,13,14,28,42,18-Sep-2004
911,3,11,17,21,33,44,15-Sep-2004
910,5,8,19,30,35,42,11-Sep-2004
909,1,10,27,35,39,48,08-Sep-2004
908,3,5,10,25,43,47,04-Sep-2004
907,12,25,27,32,37,49,01-Sep-2004
906,6,7,10,20,37,44,28-Aug-2004
905,10,12,13,19,31,46,25-Aug-2004
904,1,2,19,30,44,49,21-Aug-2004
903,6,11,12,13,36,42,18-Aug-2004
902,13,14,31,32,37,41,14-Aug-2004
901,11,12,19,47,48,49,11-Aug-2004
900,8,11,28,33,38,41,07-Aug-2004
899,4,7,8,10,17,22,04-Aug-2004
898,3,13,17,29,40,48,31-Jul-2004
897,10,11,14,21,25,42,28-Jul-2004
896,22,27,30,31,48,49,24-Jul-2004
895,6,9,13,15,40,43,21-Jul-2004
894,1,3,11,16,23,36,17-Jul-2004
893,6,27,33,38,45,47,14-Jul-2004
892,6,9,31,32,40,47,10-Jul-2004
891,5,10,11,16,17,33,07-Jul-2004
890,6,8,21,25,43,47,03-Jul-2004
889,11,12,15,29,37,43,30-Jun-2004
888,16,21,24,28,31,33,26-Jun-2004
887,5,18,21,24,38,48,23-Jun-2004
886,2,23,28,31,42,45,19-Jun-2004
885,22,26,29,31,35,42,16-Jun-2004
884,7,22,35,44,48,49,12-Jun-2004
883,1,12,23,26,35,45,09-Jun-2004
882,5,8,9,26,29,44,05-Jun-2004
881,5,22,26,40,42,43,02-Jun-2004
880,1,4,6,18,19,40,29-May-2004
879,11,15,18,24,34,44,26-May-2004
878,1,4,5,25,34,46,22-May-2004
877,10,22,28,33,37,39,19-May-2004
876,4,29,35,44,46,49,15-May-2004
875,10,11,15,18,19,40,12-May-2004
874,14,17,23,28,42,49,08-May-2004
873,23,32,33,42,43,45,05-May-2004
872,5,6,10,15,27,49,01-May-2004
871,1,3,26,34,43,47,28-Apr-2004
870,1,3,4,5,17,37,24-Apr-2004
869,7,19,20,29,41,49,21-Apr-2004
868,3,21,31,42,47,48,17-Apr-2004
867,1,3,22,32,38,44,14-Apr-2004
866,25,30,34,39,40,47,10-Apr-2004
865,9,25,33,36,46,49,07-Apr-2004
864,3,9,12,28,29,38,03-Apr-2004
863,4,7,8,11,24,40,31-Mar-2004
862,19,21,25,33,37,41,27-Mar-2004
861,7,17,19,26,29,41,24-Mar-2004
860,13,21,37,42,46,48,20-Mar-2004
859,5,16,30,38,42,43,17-Mar-2004
858,1,10,11,18,19,46,13-Mar-2004
857,11,14,17,34,37,43,10-Mar-2004
856,17,19,20,35,43,45,06-Mar-2004
855,24,38,40,44,47,48,03-Mar-2004
854,6,19,22,38,39,43,28-Feb-2004
853,6,21,28,34,38,41,25-Feb-2004
852,1,5,8,18,42,48,21-Feb-2004
851,1,3,5,13,21,24,18-Feb-2004
850,14,15,17,31,39,45,14-Feb-2004
849,22,23,38,40,43,47,11-Feb-2004
848,18,22,25,44,45,46,07-Feb-2004
847,9,11,18,20,35,47,04-Feb-2004
846,5,12,13,19,27,47,31-Jan-2004
845,8,10,16,17,30,47,28-Jan-2004
844,16,25,27,32,35,43,24-Jan-2004
843,3,11,25,28,34,45,21-Jan-2004
842,4,8,21,24,39,44,17-Jan-2004
841,2,5,19,21,40,46,14-Jan-2004
840,14,23,29,39,41,45,10-Jan-2004
839,2,12,17,23,24,34,07-Jan-2004
838,17,18,22,23,40,49,03-Jan-2004
837,19,28,31,34,41,47,31-Dec-2003
836,3,18,22,27,41,46,27-Dec-2003
835,1,7,24,27,46,48,24-Dec-2003
834,8,23,35,39,44,46,20-Dec-2003
833,4,6,13,21,36,46,17-Dec-2003
832,1,7,9,28,33,39,13-Dec-2003
831,8,14,21,26,37,48,10-Dec-2003
830,3,11,13,34,35,43,06-Dec-2003
829,2,28,34,35,38,47,03-Dec-2003
828,9,23,25,26,33,36,29-Nov-2003
827,16,32,34,35,40,48,26-Nov-2003
826,1,5,8,16,31,39,22-Nov-2003
825,11,12,13,18,43,48,19-Nov-2003
824,17,30,31,32,35,47,15-Nov-2003
823,6,9,13,17,21,24,12-Nov-2003
822,2,12,33,39,45,48,08-Nov-2003
821,10,12,18,20,22,47,05-Nov-2003
820,9,11,15,24,38,46,01-Nov-2003
819,9,19,25,29,30,38,29-Oct-2003
818,4,10,18,21,43,49,25-Oct-2003
817,6,19,29,32,34,46,22-Oct-2003
816,5,11,17,23,40,45,18-Oct-2003
815,7,11,16,32,42,49,15-Oct-2003
814,3,6,11,20,34,43,11-Oct-2003
813,6,22,25,26,28,44,08-Oct-2003
812,2,8,23,32,35,39,04-Oct-2003
811,3,16,24,27,30,48,01-Oct-2003
810,7,24,30,44,46,47,27-Sep-2003
809,11,13,28,34,37,45,24-Sep-2003
808,1,2,15,23,31,48,20-Sep-2003
807,3,9,15,16,21,29,17-Sep-2003
806,3,4,8,9,30,32,13-Sep-2003
805,9,25,28,37,41,48,10-Sep-2003
804,1,21,25,27,39,42,06-Sep-2003
803,10,11,13,38,39,42,03-Sep-2003
802,18,26,33,38,43,44,30-Aug-2003
801,8,18,19,29,44,45,27-Aug-2003
800,10,15,18,25,42,48,23-Aug-2003
799,5,6,34,37,42,48,20-Aug-2003
798,1,9,10,12,42,45,16-Aug-2003
797,10,15,16,18,19,28,13-Aug-2003
796,11,14,19,25,30,41,09-Aug-2003
795,1,8,13,22,36,45,06-Aug-2003
794,5,26,28,45,47,49,02-Aug-2003
793,2,17,22,38,45,49,30-Jul-2003
792,1,12,16,26,37,49,26-Jul-2003
791,11,19,23,31,38,46,23-Jul-2003
790,3,9,10,17,34,48,19-Jul-2003
789,2,15,16,17,26,42,16-Jul-2003
788,9,12,13,15,21,33,12-Jul-2003
787,2,7,24,30,31,35,09-Jul-2003
786,6,10,18,19,22,43,05-Jul-2003
785,1,14,17,23,30,47,02-Jul-2003
784,1,10,17,23,29,35,28-Jun-2003
783,2,6,7,23,27,30,25-Jun-2003
782,12,20,36,39,44,45,21-Jun-2003
781,16,18,26,32,38,40,18-Jun-2003
780,3,12,29,37,43,46,14-Jun-2003
779,9,13,22,39,48,49,11-Jun-2003
778,2,5,6,17,18,30,07-Jun-2003
777,7,20,27,40,43,49,04-Jun-2003
776,2,9,12,22,25,26,31-May-2003
775,1,7,15,25,27,32,28-May-2003
774,4,22,25,30,34,42,24-May-2003
773,18,19,21,32,35,39,21-May-2003
772,8,12,15,22,36,48,17-May-2003
771,1,3,4,16,17,27,14-May-2003
770,8,18,24,26,32,38,10-May-2003
769,7,12,26,33,35,47,07-May-2003
768,3,6,7,29,46,49,03-May-2003
767,16,20,26,35,43,46,30-Apr-2003
766,9,21,27,33,35,48,26-Apr-2003
765,13,24,31,33,41,44,23-Apr-2003
764,8,10,13,31,38,48,19-Apr-2003
763,5,7,23,29,38,47,16-Apr-2003
762,3,5,16,25,43,45,12-Apr-2003
761,7,20,25,27,33,45,09-Apr-2003
760,9,26,30,31,38,45,05-Apr-2003
759,8,11,15,21,37,39,02-Apr-2003
758,5,15,21,33,35,42,29-Mar-2003
757,10,22,35,37,47,49,26-Mar-2003
756,2,8,10,45,47,49,22-Mar-2003
755,2,10,15,16,18,39,19-Mar-2003
754,4,24,25,28,38,47,15-Mar-2003
753,6,16,33,37,40,41,12-Mar-2003
752,5,6,8,32,33,41,08-Mar-2003
751,3,8,12,23,34,46,05-Mar-2003
750,22,24,29,31,44,45,01-Mar-2003
749,5,18,34,38,40,45,26-Feb-2003
748,19,30,33,38,42,44,22-Feb-2003
747,1,4,10,17,28,35,19-Feb-2003
746,4,20,32,44,48,49,15-Feb-2003
745,12,17,18,20,30,35,12-Feb-2003
744,23,27,32,37,41,43,08-Feb-2003
743,1,13,17,26,42,46,05-Feb-2003
742,2,13,30,39,45,47,01-Feb-2003
741,1,6,26,29,37,48,29-Jan-2003
740,3,19,35,38,39,42,25-Jan-2003
739,5,16,23,35,44,47,22-Jan-2003
738,4,11,20,35,43,46,18-Jan-2003
737,11,29,33,38,46,48,15-Jan-2003
736,9,18,22,26,37,41,11-Jan-2003
735,10,12,22,34,46,48,08-Jan-2003
734,19,32,33,36,40,45,04-Jan-2003
733,3,22,27,29,34,41,01-Jan-2003
732,2,18,20,32,36,37,28-Dec-2002
731,4,8,9,19,32,46,24-Dec-2002
730,4,22,23,37,43,44,21-Dec-2002
729,11,17,21,22,40,42,18-Dec-2002
728,11,21,38,39,45,47,14-Dec-2002
727,10,13,15,16,29,48,11-Dec-2002
726,2,19,29,34,35,36,07-Dec-2002
725,2,4,23,26,28,40,04-Dec-2002
724,6,7,20,29,37,39,30-Nov-2002
723,11,25,35,36,42,47,27-Nov-2002
722,5,6,12,19,30,47,23-Nov-2002
721,16,18,19,44,46,48,20-Nov-2002
720,10,30,34,42,48,49,16-Nov-2002
719,3,6,8,14,24,31,13-Nov-2002
718,4,5,8,19,31,37,09-Nov-2002
717,2,6,8,21,41,42,06-Nov-2002
716,5,28,32,39,42,48,02-Nov-2002
715,10,21,26,31,48,49,30-Oct-2002
714,7,10,24,32,33,45,26-Oct-2002
713,11,26,36,43,44,46,23-Oct-2002
712,12,30,43,44,45,47,19-Oct-2002
711,13,19,25,28,34,45,16-Oct-2002
710,16,18,35,36,39,48,12-Oct-2002
709,7,22,25,31,44,47,09-Oct-2002
708,15,16,18,36,37,49,05-Oct-2002
707,2,3,14,15,21,48,02-Oct-2002
706,2,9,10,11,13,16,28-Sep-2002
705,6,21,29,32,33,47,25-Sep-2002
704,1,6,7,11,13,30,21-Sep-2002
703,4,7,12,29,37,42,18-Sep-2002
702,8,14,24,27,29,32,14-Sep-2002
701,15,20,28,37,40,44,11-Sep-2002
700,7,21,29,31,38,41,07-Sep-2002
699,2,23,28,33,45,47,04-Sep-2002
698,2,18,23,31,43,46,31-Aug-2002
697,4,7,9,17,36,46,28-Aug-2002
696,4,17,26,28,38,46,24-Aug-2002
695,5,14,19,32,34,42,21-Aug-2002
694,19,20,31,32,35,40,17-Aug-2002
693,1,6,8,20,29,38,14-Aug-2002
692,13,16,23,28,31,32,10-Aug-2002
691,10,22,23,30,33,42,07-Aug-2002
690,6,11,19,35,36,44,03-Aug-2002
689,9,13,15,23,26,45,31-Jul-2002
688,24,26,28,29,34,44,27-Jul-2002
687,7,13,21,34,35,43,24-Jul-2002
686,7,10,16,34,47,48,20-Jul-2002
685,10,11,31,41,45,46,17-Jul-2002
684,15,21,23,24,31,32,13-Jul-2002
683,4,18,19,20,30,43,10-Jul-2002
682,1,20,42,43,44,49,06-Jul-2002
681,2,4,5,22,27,29,03-Jul-2002
680,4,25,28,36,42,49,29-Jun-2002
679,6,7,25,33,38,43,26-Jun-2002
678,14,17,18,22,32,37,22-Jun-2002
677,18,21,32,36,39,41,19-Jun-2002
676,3,13,14,23,30,36,15-Jun-2002
675,1,2,10,34,47,48,12-Jun-2002
674,15,16,18,28,36,47,08-Jun-2002
673,3,5,7,26,43,47,05-Jun-2002
672,13,19,27,36,41,44,01-Jun-2002
671,19,26,30,34,40,44,29-May-2002
670,7,14,15,25,27,40,25-May-2002
669,5,9,18,39,43,46,22-May-2002
668,21,22,30,31,38,48,18-May-2002
667,4,6,10,19,40,49,15-May-2002
666,1,25,27,35,43,46,11-May-2002
665,8,10,42,44,47,49,08-May-2002
664,8,9,11,17,45,47,04-May-2002
663,10,15,19,22,24,32,01-May-2002
662,11,19,32,33,43,44,27-Apr-2002
661,3,13,17,20,21,30,24-Apr-2002
660,7,14,21,32,43,44,20-Apr-2002
659,5,13,19,30,32,43,17-Apr-2002
658,3,19,22,40,41,44,13-Apr-2002
657,5,11,24,26,34,41,10-Apr-2002
656,17,18,32,35,39,48,06-Apr-2002
655,4,8,18,26,32,34,03-Apr-2002
654,8,14,25,36,38,47,30-Mar-2002
653,6,9,20,24,35,36,27-Mar-2002
652,9,24,28,30,31,40,23-Mar-2002
651,10,18,25,28,37,43,20-Mar-2002
650,5,6,26,41,42,44,16-Mar-2002
649,1,7,15,23,27,34,13-Mar-2002
648,9,18,20,21,39,48,09-Mar-2002
647,5,17,20,31,33,34,06-Mar-2002
646,8,11,25,33,37,43,02-Mar-2002
645,6,12,28,31,39,44,27-Feb-2002
644,8,9,27,34,43,48,23-Feb-2002
643,17,21,24,25,46,49,20-Feb-2002
642,10,20,24,36,37,44,16-Feb-2002
641,4,7,12,13,16,29,13-Feb-2002
640,7,15,20,28,40,48,09-Feb-2002
639,2,13,20,36,37,40,06-Feb-2002
638,6,12,30,39,45,46,02-Feb-2002
637,12,19,27,39,42,47,30-Jan-2002
636,10,13,20,25,27,32,26-Jan-2002
635,6,8,14,19,20,44,23-Jan-2002
634,7,18,34,37,39,42,19-Jan-2002
633,15,16,23,27,32,44,16-Jan-2002
632,1,3,11,12,20,24,12-Jan-2002
631,16,20,28,29,41,45,09-Jan-2002
630,2,16,28,34,41,42,05-Jan-2002
629,2,6,20,24,29,32,02-Jan-2002
628,11,19,31,32,36,45,29-Dec-2001
627,10,17,26,29,36,37,26-Dec-2001
626,1,9,10,12,23,40,22-Dec-2001
625,7,28,34,43,46,48,19-Dec-2001
624,5,7,13,24,35,40,15-Dec-2001
623,9,23,25,33,38,44,12-Dec-2001
622,1,14,16,30,34,42,08-Dec-2001
621,4,6,8,19,23,29,05-Dec-2001
620,2,14,19,26,34,48,01-Dec-2001
619,8,22,31,32,42,45,28-Nov-2001
618,23,27,30,37,38,42,24-Nov-2001
617,10,25,30,38,44,46,21-Nov-2001
616,12,19,30,34,37,41,17-Nov-2001
615,19,29,32,33,43,47,14-Nov-2001
614,6,23,24,25,30,49,10-Nov-2001
613,8,9,10,20,39,40,07-Nov-2001
612,10,31,34,39,43,44,03-Nov-2001
611,4,5,6,18,36,49,31-Oct-2001
610,2,21,23,24,27,38,27-Oct-2001
609,8,38,39,40,43,44,24-Oct-2001
608,1,3,6,19,21,26,20-Oct-2001
607,5,20,26,31,32,40,17-Oct-2001
606,8,33,38,40,48,49,13-Oct-2001
605,18,26,28,30,38,46,10-Oct-2001
604,9,12,29,33,44,47,06-Oct-2001
603,2,14,26,30,44,45,03-Oct-2001
602,2,14,17,22,38,44,29-Sep-2001
601,3,14,15,17,19,47,26-Sep-2001
600,6,14,35,45,46,49,22-Sep-2001
599,6,8,21,25,30,45,19-Sep-2001
598,2,9,15,17,40,48,15-Sep-2001
597,11,21,25,27,30,35,12-Sep-2001
596,1,6,13,18,20,49,08-Sep-2001
595,15,23,24,27,43,48,05-Sep-2001
594,1,9,32,34,38,49,01-Sep-2001
593,4,5,9,13,29,47,29-Aug-2001
592,1,10,14,30,36,43,25-Aug-2001
591,14,20,22,29,33,37,22-Aug-2001
590,11,16,18,22,23,31,18-Aug-2001
589,4,6,18,21,35,38,15-Aug-2001
588,18,19,25,36,38,40,11-Aug-2001
587,26,29,31,32,39,46,08-Aug-2001
586,4,7,11,15,28,47,04-Aug-2001
585,11,15,20,27,33,40,01-Aug-2001
584,3,13,29,31,36,45,28-Jul-2001
583,1,2,3,8,30,37,25-Jul-2001
582,1,9,13,18,27,45,21-Jul-2001
581,2,25,31,37,41,45,18-Jul-2001
580,7,11,14,22,37,38,14-Jul-2001
579,11,16,19,24,33,47,11-Jul-2001
578,24,34,37,38,41,49,07-Jul-2001
577,13,28,32,38,40,47,04-Jul-2001
576,9,15,22,43,46,48,30-Jun-2001
575,12,18,39,43,45,49,27-Jun-2001
574,7,15,16,24,25,46,23-Jun-2001
573,11,18,24,31,34,49,20-Jun-2001
572,7,25,31,35,39,45,16-Jun-2001
571,12,14,19,33,35,48,13-Jun-2001
570,12,14,24,33,45,48,09-Jun-2001
569,12,16,35,37,38,47,06-Jun-2001
568,7,11,19,24,32,39,02-Jun-2001
567,7,15,23,35,39,44,30-May-2001
566,3,15,22,29,35,49,26-May-2001
565,4,11,30,31,44,47,23-May-2001
564,4,12,30,33,43,48,19-May-2001
563,1,25,27,33,38,45,16-May-2001
562,6,29,30,38,39,45,12-May-2001
561,9,18,27,30,32,48,09-May-2001
560,1,3,16,33,46,47,05-May-2001
559,2,17,20,23,28,43,02-May-2001
558,2,25,33,40,44,47,28-Apr-2001
557,10,11,24,35,40,44,25-Apr-2001
556,12,20,23,26,33,46,21-Apr-2001
555,30,35,41,44,46,49,18-Apr-2001
554,7,24,35,41,42,47,14-Apr-2001
553,2,19,37,38,44,49,11-Apr-2001
552,9,19,30,32,34,44,07-Apr-2001
551,10,16,23,24,28,45,04-Apr-2001
550,22,23,26,34,37,44,31-Mar-2001
549,2,25,34,35,36,39,28-Mar-2001
548,6,25,31,32,42,43,24-Mar-2001
547,11,22,27,34,39,42,21-Mar-2001
546,1,3,15,26,45,46,17-Mar-2001
545,1,5,8,31,37,38,14-Mar-2001
544,2,4,12,21,36,37,10-Mar-2001
543,3,12,30,33,40,49,07-Mar-2001
542,7,14,20,24,38,48,03-Mar-2001
541,4,9,12,13,22,32,28-Feb-2001
540,1,3,12,28,29,41,24-Feb-2001
539,8,10,24,30,40,44,21-Feb-2001
538,10,14,31,35,40,45,17-Feb-2001
537,3,10,23,27,30,32,14-Feb-2001
536,7,9,12,17,20,32,10-Feb-2001
535,2,5,33,37,40,45,07-Feb-2001
534,2,15,16,17,25,26,03-Feb-2001
533,1,16,33,36,38,45,31-Jan-2001
532,4,12,15,39,45,47,27-Jan-2001
531,10,11,28,29,31,39,24-Jan-2001
530,13,17,22,41,43,47,20-Jan-2001
529,10,13,24,31,36,47,17-Jan-2001
528,12,23,28,34,36,40,13-Jan-2001
527,10,14,15,23,24,27,10-Jan-2001
526,6,16,23,34,35,40,06-Jan-2001
525,5,6,16,17,19,22,03-Jan-2001
524,1,7,16,18,38,47,30-Dec-2000
523,9,24,26,36,37,42,27-Dec-2000
522,2,16,17,23,37,38,23-Dec-2000
521,5,8,39,41,46,49,20-Dec-2000
520,17,21,26,29,34,39,16-Dec-2000
519,3,12,23,34,38,39,13-Dec-2000
518,11,16,25,31,32,33,09-Dec-2000
517,6,10,13,19,27,47,06-Dec-2000
516,2,19,28,37,46,47,02-Dec-2000
515,7,19,28,30,33,37,29-Nov-2000
514,3,6,20,42,43,48,25-Nov-2000
513,4,12,20,23,31,33,22-Nov-2000
512,6,9,11,21,27,43,18-Nov-2000
511,13,19,28,31,41,44,15-Nov-2000
510,18,23,28,34,35,47,11-Nov-2000
509,2,5,9,16,27,43,08-Nov-2000
508,2,8,17,29,33,44,04-Nov-2000
507,4,9,20,23,38,45,01-Nov-2000
506,1,13,14,23,31,47,28-Oct-2000
505,6,9,13,14,26,38,25-Oct-2000
504,8,14,15,18,24,44,21-Oct-2000
503,4,6,11,19,32,36,18-Oct-2000
502,7,22,31,37,38,40,14-Oct-2000
501,6,10,19,30,34,41,11-Oct-2000
500,1,6,20,28,31,45,07-Oct-2000
499,10,14,19,43,46,49,04-Oct-2000
498,12,15,27,32,40,44,30-Sep-2000
497,4,10,24,28,40,47,27-Sep-2000
496,6,16,18,32,35,45,23-Sep-2000
495,7,25,30,34,38,39,20-Sep-2000
494,4,22,23,26,42,47,16-Sep-2000
493,14,20,25,32,47,49,13-Sep-2000
492,3,4,24,25,35,43,09-Sep-2000
491,6,7,11,23,32,44,06-Sep-2000
490,11,12,21,31,36,40,02-Sep-2000
489,13,21,24,38,40,41,30-Aug-2000
488,4,11,16,29,34,35,26-Aug-2000
487,3,31,32,37,38,47,23-Aug-2000
486,5,22,34,38,43,46,19-Aug-2000
485,11,24,33,34,37,45,16-Aug-2000
484,6,31,35,36,43,46,12-Aug-2000
483,10,14,32,35,36,43,09-Aug-2000
482,1,3,35,37,39,48,05-Aug-2000
481,26,35,38,39,44,46,02-Aug-2000
480,29,30,33,37,45,48,29-Jul-2000
479,2,28,29,40,43,47,26-Jul-2000
478,13,16,43,45,47,48,22-Jul-2000
477,16,23,31,33,38,41,19-Jul-2000
476,1,2,7,35,39,44,15-Jul-2000
475,4,12,21,27,41,49,12-Jul-2000
474,21,30,35,38,41,46,08-Jul-2000
473,6,11,19,23,25,28,05-Jul-2000
472,11,16,22,39,42,48,01-Jul-2000
471,8,10,27,38,40,46,28-Jun-2000
470,6,9,32,34,42,48,24-Jun-2000
469,1,10,24,33,37,46,21-Jun-2000
468,4,22,24,25,40,43,17-Jun-2000
467,4,7,23,24,26,38,14-Jun-2000
466,1,14,15,35,44,47,10-Jun-2000
465,2,5,20,24,28,39,07-Jun-2000
464,3,8,19,35,36,48,03-Jun-2000
463,1,11,14,19,38,44,31-May-2000
462,21,23,33,34,43,45,27-May-2000
461,6,8,21,36,38,46,24-May-2000
460,7,11,18,21,25,44,20-May-2000
459,1,10,11,15,21,48,17-May-2000
458,6,30,35,42,44,45,13-May-2000
457,10,18,29,37,38,46,10-May-2000
456,2,3,30,31,41,45,06-May-2000
455,5,6,24,36,38,48,03-May-2000
454,15,16,19,27,29,42,29-Apr-2000
453,4,9,14,28,36,39,26-Apr-2000
452,26,31,35,43,48,49,22-Apr-2000
451,1,3,7,19,29,44,19-Apr-2000
450,2,23,28,31,46,48,15-Apr-2000
449,9,12,19,22,26,34,12-Apr-2000
448,18,23,30,46,47,49,08-Apr-2000
447,2,3,7,10,40,48,05-Apr-2000
446,3,11,19,25,29,30,01-Apr-2000
445,11,18,20,23,28,32,29-Mar-2000
444,15,22,23,27,32,37,25-Mar-2000
443,6,18,20,33,36,40,22-Mar-2000
442,5,8,15,16,22,39,18-Mar-2000
441,7,12,25,28,30,40,15-Mar-2000
440,7,12,37,42,46,49,11-Mar-2000
439,6,18,22,32,36,46,08-Mar-2000
438,11,13,19,26,28,47,04-Mar-2000
437,4,8,10,12,15,30,01-Mar-2000
436,3,5,6,8,16,45,26-Feb-2000
435,11,17,18,20,39,47,23-Feb-2000
434,1,5,11,32,43,46,19-Feb-2000
433,6,7,12,16,19,42,16-Feb-2000
432,4,6,12,17,18,19,12-Feb-2000
431,3,6,14,19,32,41,09-Feb-2000
430,21,38,40,46,47,49,05-Feb-2000
429,10,30,31,32,39,42,02-Feb-2000
428,5,7,17,21,27,48,29-Jan-2000
427,6,14,21,28,41,43,26-Jan-2000
426,7,9,10,40,41,44,22-Jan-2000
425,4,16,17,43,46,48,19-Jan-2000
424,10,12,16,17,31,47,15-Jan-2000
423,3,10,14,17,19,27,12-Jan-2000
422,13,18,32,34,39,41,08-Jan-2000
421,5,22,25,30,31,33,05-Jan-2000
420,2,5,14,23,27,48,01-Jan-2000
419,16,26,33,36,39,47,29-Dec-1999
418,2,21,23,24,25,35,24-Dec-1999
417,29,32,39,46,47,49,22-Dec-1999
416,6,7,12,13,18,29,18-Dec-1999
415,4,9,16,35,43,44,15-Dec-1999
414,5,9,27,37,43,46,11-Dec-1999
413,7,10,11,26,31,33,08-Dec-1999
412,16,23,25,31,35,47,04-Dec-1999
411,28,36,37,38,42,47,01-Dec-1999
410,8,10,22,46,47,49,27-Nov-1999
409,1,12,16,33,34,44,24-Nov-1999
408,7,9,15,20,29,34,20-Nov-1999
407,2,6,23,31,33,36,17-Nov-1999
406,7,10,21,28,29,39,13-Nov-1999
405,2,10,18,19,28,35,10-Nov-1999
404,8,10,23,34,36,46,06-Nov-1999
403,3,22,25,31,35,37,03-Nov-1999
402,10,15,17,27,44,47,30-Oct-1999
401,4,9,13,22,25,32,27-Oct-1999
400,4,8,10,15,25,39,23-Oct-1999
399,9,18,27,29,33,43,20-Oct-1999
398,11,25,27,31,40,41,16-Oct-1999
397,3,19,23,29,33,34,13-Oct-1999
396,8,15,26,29,38,46,09-Oct-1999
395,9,13,19,21,30,45,06-Oct-1999
394,3,14,28,37,38,49,02-Oct-1999
393,1,3,8,33,39,43,29-Sep-1999
392,18,20,26,30,43,49,25-Sep-1999
391,6,16,21,28,37,44,22-Sep-1999
390,5,11,15,18,23,33,18-Sep-1999
389,9,14,27,30,32,49,15-Sep-1999
388,2,4,16,21,29,46,11-Sep-1999
387,8,10,17,22,36,38,08-Sep-1999
386,3,5,7,10,14,20,04-Sep-1999
385,3,5,19,27,39,49,01-Sep-1999
384,6,14,15,17,27,47,28-Aug-1999
383,1,8,20,22,36,48,25-Aug-1999
382,12,15,16,17,42,48,21-Aug-1999
381,6,8,13,34,38,45,18-Aug-1999
380,1,9,18,24,38,44,14-Aug-1999
379,1,15,22,38,39,48,11-Aug-1999
378,4,7,19,22,24,46,07-Aug-1999
377,3,4,9,29,31,36,04-Aug-1999
376,12,26,27,32,46,49,31-Jul-1999
375,3,14,30,32,46,49,28-Jul-1999
374,8,25,26,37,38,48,24-Jul-1999
373,12,17,26,32,33,46,21-Jul-1999
372,3,15,23,42,45,48,17-Jul-1999
371,1,15,21,37,41,42,14-Jul-1999
370,5,7,15,26,35,40,10-Jul-1999
369,4,6,8,41,43,44,07-Jul-1999
368,11,17,28,36,42,44,03-Jul-1999
367,2,14,19,25,32,49,30-Jun-1999
366,2,17,18,23,30,40,26-Jun-1999
365,8,11,18,30,33,43,23-Jun-1999
364,4,6,20,24,41,42,19-Jun-1999
363,17,21,25,37,38,45,16-Jun-1999
362,3,18,21,23,36,49,12-Jun-1999
361,8,10,12,34,46,48,09-Jun-1999
360,11,20,24,28,35,48,05-Jun-1999
359,17,23,27,34,36,37,02-Jun-1999
358,3,7,9,12,43,44,29-May-1999
357,14,22,26,29,33,46,26-May-1999
356,8,11,14,24,26,49,22-May-1999
355,1,2,5,27,38,49,19-May-1999
354,4,14,18,24,27,40,15-May-1999
353,8,9,26,29,38,47,12-May-1999
352,1,12,24,31,33,47,08-May-1999
351,7,13,17,22,39,44,05-May-1999
350,7,20,24,31,33,40,01-May-1999
349,15,23,24,36,43,49,28-Apr-1999
348,3,8,11,25,46,47,24-Apr-1999
347,3,12,22,31,44,46,21-Apr-1999
346,3,16,28,29,41,46,17-Apr-1999
345,5,9,12,25,30,32,14-Apr-1999
344,10,18,25,32,35,36,10-Apr-1999
343,10,15,23,27,29,46,07-Apr-1999
342,3,7,9,15,40,43,03-Apr-1999
341,1,5,12,24,26,38,31-Mar-1999
340,9,25,30,36,44,48,27-Mar-1999
339,13,21,27,32,45,48,24-Mar-1999
338,13,17,25,29,45,49,20-Mar-1999
337,1,7,29,38,45,46,17-Mar-1999
336,1,2,15,17,24,44,13-Mar-1999
335,8,18,27,32,36,49,10-Mar-1999
334,8,32,33,37,43,47,06-Mar-1999
333,20,22,24,25,36,40,03-Mar-1999
332,1,7,13,15,38,43,27-Feb-1999
331,2,3,13,27,34,48,24-Feb-1999
330,3,9,17,23,29,40,20-Feb-1999
329,2,22,31,32,40,42,17-Feb-1999
328,5,23,26,27,47,49,13-Feb-1999
327,2,20,21,33,35,49,10-Feb-1999
326,2,17,23,38,40,49,06-Feb-1999
325,3,16,18,24,39,47,03-Feb-1999
324,7,19,32,37,40,44,30-Jan-1999
323,2,3,6,20,21,22,27-Jan-1999
322,1,8,10,17,32,47,23-Jan-1999
321,4,8,14,19,28,40,20-Jan-1999
320,11,26,28,32,41,42,16-Jan-1999
319,6,25,27,35,42,48,13-Jan-1999
318,1,15,23,34,37,40,09-Jan-1999
317,2,11,18,21,23,47,06-Jan-1999
316,4,31,33,38,41,46,02-Jan-1999
315,3,13,18,24,34,49,30-Dec-1998
314,2,8,11,32,35,41,26-Dec-1998
313,4,12,18,30,38,47,23-Dec-1998
312,9,10,18,25,28,48,19-Dec-1998
311,11,19,20,24,29,40,16-Dec-1998
310,26,28,38,39,41,46,12-Dec-1998
309,1,7,39,40,45,49,09-Dec-1998
308,4,7,23,26,27,35,05-Dec-1998
307,7,11,16,28,37,49,02-Dec-1998
306,4,25,26,30,37,45,28-Nov-1998
305,4,8,30,37,39,43,25-Nov-1998
304,7,9,17,22,38,49,21-Nov-1998
303,2,8,12,30,35,47,18-Nov-1998
302,7,11,12,17,23,39,14-Nov-1998
301,5,11,19,25,29,49,11-Nov-1998
300,13,24,25,31,32,44,07-Nov-1998
299,2,9,11,23,24,42,04-Nov-1998
298,5,9,12,14,18,38,31-Oct-1998
297,1,2,7,17,31,49,28-Oct-1998
296,6,8,15,23,26,41,24-Oct-1998
295,3,11,15,41,42,48,21-Oct-1998
294,3,25,36,37,41,45,17-Oct-1998
293,1,2,5,15,41,45,14-Oct-1998
292,11,13,21,26,43,46,10-Oct-1998
291,2,12,24,29,30,33,07-Oct-1998
290,1,11,18,19,22,32,03-Oct-1998
289,10,12,14,28,31,38,30-Sep-1998
288,6,15,18,29,35,40,26-Sep-1998
287,9,11,14,26,28,39,23-Sep-1998
286,24,26,27,28,34,40,19-Sep-1998
285,18,25,28,36,40,45,16-Sep-1998
284,3,15,23,25,28,33,12-Sep-1998
283,1,2,9,27,28,32,09-Sep-1998
282,9,10,11,27,42,47,05-Sep-1998
281,7,19,27,33,39,43,02-Sep-1998
280,10,12,37,42,44,45,29-Aug-1998
279,3,20,26,27,30,43,26-Aug-1998
278,2,10,11,27,32,38,22-Aug-1998
277,5,27,34,44,46,48,19-Aug-1998
276,3,5,15,22,31,35,15-Aug-1998
275,12,21,23,25,44,49,12-Aug-1998
274,2,5,17,21,45,47,08-Aug-1998
273,13,35,38,40,42,47,05-Aug-1998
272,12,14,31,41,48,49,01-Aug-1998
271,1,7,23,29,38,48,29-Jul-1998
270,18,25,36,38,43,44,25-Jul-1998
269,28,34,38,39,46,47,22-Jul-1998
268,3,11,20,33,42,44,18-Jul-1998
267,1,15,23,31,35,39,15-Jul-1998
266,3,14,23,30,39,43,11-Jul-1998
265,12,13,21,23,33,36,08-Jul-1998
264,9,15,25,29,32,49,04-Jul-1998
263,17,18,28,40,44,46,01-Jul-1998
262,7,9,11,23,30,43,27-Jun-1998
261,2,14,19,25,26,33,24-Jun-1998
260,1,14,27,31,38,47,20-Jun-1998
259,2,10,16,17,20,27,17-Jun-1998
258,2,7,10,15,27,45,13-Jun-1998
257,2,9,26,28,33,46,10-Jun-1998
256,1,15,23,31,42,48,06-Jun-1998
255,1,17,18,23,33,41,03-Jun-1998
254,2,3,14,29,38,40,30-May-1998
253,8,13,15,26,39,42,27-May-1998
252,8,20,24,35,43,47,23-May-1998
251,11,15,31,35,36,42,20-May-1998
250,2,4,6,10,34,44,16-May-1998
249,3,13,16,23,41,42,13-May-1998
248,2,9,25,26,35,40,09-May-1998
247,6,7,14,19,22,27,06-May-1998
246,2,4,16,24,29,49,02-May-1998
245,12,15,28,34,36,40,29-Apr-1998
244,17,22,36,38,43,48,25-Apr-1998
243,3,7,9,10,12,37,22-Apr-1998
242,1,13,29,31,33,42,18-Apr-1998
241,1,12,18,26,29,36,15-Apr-1998
240,7,10,31,35,43,44,11-Apr-1998
239,9,22,37,41,43,47,08-Apr-1998
238,5,19,24,33,38,48,04-Apr-1998
237,1,2,24,36,37,38,01-Apr-1998
236,11,13,23,28,29,37,28-Mar-1998
235,1,6,10,25,31,45,25-Mar-1998
234,2,15,23,26,41,43,21-Mar-1998
233,12,25,31,39,46,47,18-Mar-1998
232,2,15,18,26,36,38,14-Mar-1998
231,16,22,23,28,33,37,11-Mar-1998
230,4,11,14,39,43,44,07-Mar-1998
229,6,28,30,34,41,45,04-Mar-1998
228,1,7,15,18,30,31,28-Feb-1998
227,9,21,27,36,42,48,25-Feb-1998
226,2,16,25,27,37,45,21-Feb-1998
225,1,5,10,13,25,32,18-Feb-1998
224,8,13,14,17,20,28,14-Feb-1998
223,11,32,38,42,46,49,11-Feb-1998
222,9,25,27,31,42,45,07-Feb-1998
221,13,17,32,35,42,45,04-Feb-1998
220,17,22,30,40,46,48,31-Jan-1998
219,4,12,15,31,32,47,28-Jan-1998
218,1,4,6,14,24,49,24-Jan-1998
217,5,12,24,35,36,38,21-Jan-1998
216,14,31,33,38,46,48,17-Jan-1998
215,20,27,28,31,33,41,14-Jan-1998
214,3,10,11,27,47,49,10-Jan-1998
213,7,14,25,32,36,38,07-Jan-1998
212,1,13,26,28,35,45,03-Jan-1998
211,8,13,18,21,23,29,31-Dec-1997
210,14,21,28,31,40,46,27-Dec-1997
209,5,6,11,29,36,41,24-Dec-1997
208,1,2,7,26,34,38,20-Dec-1997
207,17,35,36,43,46,49,17-Dec-1997
206,3,4,11,14,30,32,13-Dec-1997
205,4,17,22,29,38,48,10-Dec-1997
204,5,9,19,21,30,49,06-Dec-1997
203,1,8,36,39,47,49,03-Dec-1997
202,2,8,21,29,46,47,29-Nov-1997
201,5,11,19,23,24,47,26-Nov-1997
200,8,14,24,28,39,45,22-Nov-1997
199,22,27,33,42,46,47,19-Nov-1997
198,11,14,23,32,34,35,15-Nov-1997
197,3,6,8,27,36,45,12-Nov-1997
196,5,24,34,37,40,48,08-Nov-1997
195,1,4,6,9,32,38,05-Nov-1997
194,9,10,14,16,37,39,01-Nov-1997
193,2,4,25,32,33,45,29-Oct-1997
192,10,21,27,38,40,44,25-Oct-1997
191,1,8,9,14,24,35,22-Oct-1997
190,4,9,25,28,32,46,18-Oct-1997
189,11,17,30,35,39,45,15-Oct-1997
188,15,17,18,27,34,40,11-Oct-1997
187,3,4,7,23,34,43,08-Oct-1997
186,12,19,28,36,40,46,04-Oct-1997
185,8,12,17,35,38,49,01-Oct-1997
184,15,21,29,32,33,40,27-Sep-1997
183,12,14,29,31,32,44,24-Sep-1997
182,9,30,38,40,43,44,20-Sep-1997
181,7,20,21,22,40,44,17-Sep-1997
180,1,2,5,31,32,40,13-Sep-1997
179,20,31,32,35,43,45,10-Sep-1997
178,20,22,26,36,40,41,07-Sep-1997
177,10,14,22,30,38,43,03-Sep-1997
176,6,20,30,33,38,46,30-Aug-1997
175,1,7,22,25,31,47,27-Aug-1997
174,4,10,25,36,44,47,23-Aug-1997
173,8,20,27,28,36,41,20-Aug-1997
172,2,9,19,20,38,49,16-Aug-1997
171,5,10,17,29,41,43,13-Aug-1997
170,1,18,20,25,30,31,09-Aug-1997
169,3,5,6,20,45,49,06-Aug-1997
168,2,16,28,37,43,47,02-Aug-1997
167,3,6,12,19,44,45,30-Jul-1997
166,9,15,20,27,30,41,26-Jul-1997
165,4,11,21,27,28,34,23-Jul-1997
164,7,19,36,44,45,47,19-Jul-1997
163,8,18,23,26,35,45,16-Jul-1997
162,4,9,27,37,44,45,12-Jul-1997
161,3,5,13,22,24,43,09-Jul-1997
160,1,4,11,36,43,44,05-Jul-1997
159,6,10,18,22,41,45,02-Jul-1997
158,2,9,14,36,43,48,28-Jun-1997
157,12,17,27,28,38,40,25-Jun-1997
156,1,17,26,27,30,44,21-Jun-1997
155,4,14,19,23,25,48,18-Jun-1997
154,3,8,10,16,43,44,14-Jun-1997
153,10,31,33,40,42,44,11-Jun-1997
152,12,14,21,25,30,40,07-Jun-1997
151,18,19,21,30,34,44,04-Jun-1997
150,2,5,9,28,29,45,31-May-1997
149,3,19,24,25,36,48,28-May-1997
148,3,21,23,25,26,33,24-May-1997
147,5,8,21,38,39,49,21-May-1997
146,2,9,13,18,27,48,17-May-1997
145,2,8,16,21,29,37,14-May-1997
144,12,19,22,23,25,44,10-May-1997
143,12,19,28,31,34,43,07-May-1997
142,6,20,29,31,35,40,03-May-1997
141,8,10,16,17,24,40,30-Apr-1997
140,6,10,14,25,27,38,26-Apr-1997
139,8,12,17,23,34,43,23-Apr-1997
138,1,14,16,25,32,37,19-Apr-1997
137,3,6,9,19,37,48,16-Apr-1997
136,9,27,29,37,42,44,12-Apr-1997
135,6,22,35,42,45,49,09-Apr-1997
134,1,3,28,31,41,46,05-Apr-1997
133,5,10,17,25,40,43,02-Apr-1997
132,17,19,31,36,39,40,29-Mar-1997
131,24,33,42,43,44,47,26-Mar-1997
130,14,27,39,40,41,43,22-Mar-1997
129,13,16,17,29,40,48,19-Mar-1997
128,7,24,37,39,40,43,15-Mar-1997
127,3,4,5,16,22,25,12-Mar-1997
126,5,12,20,29,39,42,08-Mar-1997
125,7,12,20,24,28,43,05-Mar-1997
124,2,8,23,33,42,49,01-Mar-1997
123,2,34,36,38,44,46,26-Feb-1997
122,1,5,8,9,23,27,22-Feb-1997
121,9,11,19,36,39,41,19-Feb-1997
120,7,14,21,34,38,47,15-Feb-1997
119,5,14,23,29,38,45,12-Feb-1997
118,9,13,27,30,36,47,08-Feb-1997
117,9,25,28,29,31,35,05-Feb-1997
116,12,16,20,28,36,48,01-Feb-1997
115,1,24,28,31,35,47,25-Jan-1997
114,3,21,22,26,31,48,18-Jan-1997
113,4,11,16,18,35,43,11-Jan-1997
112,11,13,14,27,40,41,04-Jan-1997
111,8,10,20,27,31,39,28-Dec-1996
110,5,26,35,38,42,45,21-Dec-1996
109,12,24,33,34,42,47,14-Dec-1996
108,6,13,17,22,42,47,07-Dec-1996
107,4,5,12,25,26,49,30-Nov-1996
106,16,33,34,43,46,49,23-Nov-1996
105,1,5,16,18,37,42,16-Nov-1996
104,8,24,27,41,43,49,09-Nov-1996
103,7,23,32,35,43,48,02-Nov-1996
102,1,3,9,20,30,35,26-Oct-1996
101,10,13,31,34,39,48,19-Oct-1996
100,15,16,25,30,39,45,12-Oct-1996
99,6,9,25,45,47,48,05-Oct-1996
98,19,23,26,31,36,39,28-Sep-1996
97,7,8,12,30,35,41,21-Sep-1996
96,2,9,10,11,38,48,14-Sep-1996
95,5,13,15,18,32,44,07-Sep-1996
94,3,5,14,27,44,47,31-Aug-1996
93,8,11,14,18,33,44,24-Aug-1996
92,2,28,33,39,42,44,17-Aug-1996
91,3,23,36,38,41,45,10-Aug-1996
90,13,17,26,28,31,36,03-Aug-1996
89,2,13,19,21,32,45,27-Jul-1996
88,6,14,20,25,34,44,20-Jul-1996
87,5,10,11,12,41,42,13-Jul-1996
86,13,26,43,44,45,47,06-Jul-1996
85,4,17,27,34,35,46,29-Jun-1996
84,3,4,7,11,17,40,22-Jun-1996
83,13,18,25,44,46,47,15-Jun-1996
82,11,15,17,25,32,46,08-Jun-1996
81,24,35,36,37,39,45,01-Jun-1996
80,8,20,26,34,42,43,25-May-1996
79,4,12,13,33,40,46,18-May-1996
78,7,10,12,22,34,48,11-May-1996
77,6,25,26,33,34,47,04-May-1996
76,4,6,11,18,31,48,27-Apr-1996
75,9,28,29,31,40,48,20-Apr-1996
74,23,38,40,44,47,49,13-Apr-1996
73,1,4,6,14,17,38,06-Apr-1996
72,12,26,27,28,37,49,30-Mar-1996
71,5,7,14,18,30,43,23-Mar-1996
70,2,12,19,28,38,48,16-Mar-1996
69,14,16,29,30,37,45,09-Mar-1996
68,9,11,12,24,41,45,02-Mar-1996
67,2,5,7,24,35,44,24-Feb-1996
66,4,14,15,16,18,22,17-Feb-1996
65,4,11,14,15,28,42,10-Feb-1996
64,2,9,22,26,32,44,03-Feb-1996
63,16,17,38,41,42,43,27-Jan-1996
62,5,23,25,30,33,37,20-Jan-1996
61,21,29,31,32,34,48,13-Jan-1996
60,2,3,4,13,42,44,06-Jan-1996
59,6,32,39,42,43,45,30-Dec-1995
58,6,11,34,40,47,49,23-Dec-1995
57,7,8,23,28,35,49,16-Dec-1995
56,5,11,12,26,29,33,09-Dec-1995
55,15,16,19,26,35,46,02-Dec-1995
54,16,23,28,30,42,46,25-Nov-1995
53,4,7,18,33,45,48,18-Nov-1995
52,7,10,23,28,30,48,11-Nov-1995
51,6,14,18,27,44,48,04-Nov-1995
50,7,16,27,33,35,44,28-Oct-1995
49,2,6,17,19,21,47,21-Oct-1995
48,4,5,9,25,30,47,14-Oct-1995
47,10,22,28,30,36,37,07-Oct-1995
46,10,11,29,32,33,40,30-Sep-1995
45,5,10,19,24,34,46,23-Sep-1995
44,2,10,14,25,37,41,16-Sep-1995
43,2,12,20,22,41,45,09-Sep-1995
42,1,15,22,28,40,49,02-Sep-1995
41,16,18,21,27,38,41,26-Aug-1995
40,5,8,23,24,28,48,19-Aug-1995
39,11,25,28,33,34,47,12-Aug-1995
38,1,8,25,30,35,45,05-Aug-1995
37,28,34,41,45,46,49,29-Jul-1995
36,2,3,21,22,23,40,22-Jul-1995
35,1,4,20,31,41,43,15-Jul-1995
34,1,3,11,14,20,40,08-Jul-1995
33,5,7,8,25,44,48,01-Jul-1995
32,5,15,21,42,43,45,24-Jun-1995
31,27,30,33,38,40,48,17-Jun-1995
30,12,15,26,44,46,49,10-Jun-1995
29,1,21,29,31,32,40,03-Jun-1995
28,12,13,25,37,44,45,27-May-1995
27,15,16,17,28,32,46,20-May-1995
26,7,16,25,26,28,41,13-May-1995
25,5,14,17,35,43,48,06-May-1995
24,9,15,22,31,34,48,29-Apr-1995
23,8,18,20,33,36,38,22-Apr-1995
22,1,4,6,23,26,49,15-Apr-1995
21,14,17,22,24,42,47,08-Apr-1995
20,22,25,30,32,41,43,01-Apr-1995
19,4,17,41,42,44,49,25-Mar-1995
18,9,18,19,24,31,41,18-Mar-1995
17,2,13,22,27,29,46,11-Mar-1995
16,11,12,17,26,36,42,04-Mar-1995
15,5,8,10,18,31,33,25-Feb-1995
14,16,19,21,29,36,45,18-Feb-1995
13,15,18,29,35,38,48,11-Feb-1995
12,1,7,37,38,42,46,04-Feb-1995
11,4,16,25,26,31,43,28-Jan-1995
10,6,16,20,30,31,47,21-Jan-1995
9,7,17,23,32,38,42,14-Jan-1995
8,2,5,21,22,25,32,07-Jan-1995
7,9,17,32,36,42,44,31-Dec-1994
6,2,3,27,29,39,44,24-Dec-1994
5,3,5,9,13,14,38,17-Dec-1994
4,26,35,38,43,47,49,10-Dec-1994
3,11,17,21,29,30,40,03-Dec-1994
2,6,12,15,16,31,44,26-Nov-1994
1,3,5,14,22,30,44,19-Nov-1994
